MONOGRAFIA,"A 1","Abecedario, El"
MONOGRAFIA,"A 2","Abeja y sus derivados"
MONOGRAFIA,"A 3","Aborto, El"
MONOGRAFIA,"A 4","Absolutismo, El"
MONOGRAFIA,"A 5","Absorción, La"
MONOGRAFIA,"A 6","Accidentes de trabajo"
MONOGRAFIA,"A 7","Ácidos nucleicos, Los (ADN/ARN)"
MONOGRAFIA,"A 7-A","Ácidos nucleicos y enzimas, Los (ADN/ARN)"
MONOGRAFIA,"A 8","Acta de independencia (28 de septiembre de 1821)"
MONOGRAFIA,"A 9","Actividades económicas"
MONOGRAFIA,"A 10","Acústica"
MONOGRAFIA,"A 11","Adaptación al medio, La"
MONOGRAFIA,"A 12","Adicciones , Las"
MONOGRAFIA,"A 13-A","Sexualidad: pubertad y adolescencia"
MONOGRAFIA,"A 13-B","Adolescencia, higiene mental"
MONOGRAFIA,"A 14","África, mapa político"
MONOGRAFIA,"A 15","África, mapa físico"
MONOGRAFIA,"A 16","Agricultura, La"
MONOGRAFIA,"A 17","Agua, Elemento vital"
MONOGRAFIA,"A 17-A","Agua (22 de marzo, día mundial del agua)"
MONOGRAFIA,"A 17-B","El agua elemento vital: cuidémosla"
MONOGRAFIA,"A 17-C","Agua, estado liquido, solido y gaseoso"
MONOGRAFIA,"A 18","Agua y la vida"
MONOGRAFIA,"A 19","Agua y sus propiedades, El"
MONOGRAFIA,"A 20","Agua: purificación y reciclaje"
MONOGRAFIA,"A 21","Aguas oceánicas y continentales"
MONOGRAFIA,"A 22","Agua: tipos, purificación y reciclaje (22 de marzo)"
MONOGRAFIA,"A 22-A","Aire, El"
MONOGRAFIA,"A 23","Alcoholismo, El"
MONOGRAFIA,"A 24","Alcoholismo y tabaquismo"
MONOGRAFIA,"A 25","Alfabetización, La"
MONOGRAFIA,"A 26","Alfabeto en inglés"
MONOGRAFIA,"A 27","Alfabeto manuscrito"
MONOGRAFIA,"A 28","Algas y líquenes"
MONOGRAFIA,"A 29","Álgebra"
MONOGRAFIA,"A 30","Algodón y sus derivados, El"
MONOGRAFIA,"A 31","Alimentación, La (16 de octubre)"
MONOGRAFIA,"A 32","Alimentación"
MONOGRAFIA,"A 33","Alimentación: carbohidratos"
MONOGRAFIA,"A 34","Alimentación: grasas"
MONOGRAFIA,"A 35","Alimentación: minerales"
MONOGRAFIA,"A 36","Alimentación: proteínas"
MONOGRAFIA,"A 37","Alimentos de origen vegetal y animal"
MONOGRAFIA,"A 38","América del norte, mapa político"
MONOGRAFIA,"A 39","América del norte, mapa físico"
MONOGRAFIA,"A 40","América del sur, mapa político"
MONOGRAFIA,"A 41","América del sur, mapa físico"
MONOGRAFIA,"A 42","América, mapa político"
MONOGRAFIA,"A 43","América, mapa físico"
MONOGRAFIA,"A 44","Analfabetismo, El"
MONOGRAFIA,"A 45","Anatomía del conejo"
MONOGRAFIA,"A 46","Anatomía de la paloma"
MONOGRAFIA,"A 47","Anatomía de los peces y sus derivados"
MONOGRAFIA,"A 48","Anexión de chiapas a México"
MONOGRAFIA,"A 49","Anfibios, Los"
MONOGRAFIA,"A 50","Angiospermas, Las"
MONOGRAFIA,"A 51","Animales acuáticos (Animales del mar)"
MONOGRAFIA,"A 52","Animales carnívoros"
MONOGRAFIA,"A 53","Animales carroñeros"
MONOGRAFIA,"A 54","Animales del bosque mexicano"
MONOGRAFIA,"A 55","Animales del desierto mexicano"
MONOGRAFIA,"A 56","Animales de la selva mexicana"
MONOGRAFIA,"A 57","Animales domésticos"
MONOGRAFIA,"A 57","Animales de granja"
MONOGRAFIA,"A 57","Animales terrestres"
MONOGRAFIA,"A 58","Animales en peligro de extinción"
MONOGRAFIA,"A 59","Animales herbívoros"
MONOGRAFIA,"A 60","Animales prehistóricos (los dinosaurios)"
MONOGRAFIA,"A 61","Animales de montaña"
MONOGRAFIA,"A 61","Animales salvajes"
MONOGRAFIA,"A 62","Animales salvajes y feroces"
MONOGRAFIA,"A 63","Animales útiles al hombre"
MONOGRAFIA,"A 64","Anorexia"
MONOGRAFIA,"A 65","Anorexia y bulimia"
MONOGRAFIA,"A 66","Antártida (polo sur)"
MONOGRAFIA,"A 67","Antecedentes de la independencia (la independencia y sus antecedentes) (15 y 16 de Septiembre de 1810)"
MONOGRAFIA,"A 68","Antecedentes de la revolución mexicana"
MONOGRAFIA,"A 69","Anticonceptivos, Los (métodos anticonceptivos)"
MONOGRAFIA,"A 70","Antonio López de Santa Anna"
MONOGRAFIA,"A 71","Aparato circulatorio"
MONOGRAFIA,"A 72","Aparato digestivo"
MONOGRAFIA,"A 73","Aparatos de medición"
MONOGRAFIA,"A 74","Aparatos de medición 1 (de temperatura industriales de fenómenos naturales de tiempo de peso el hogar y la ciencia)"
MONOGRAFIA,"A 75","Aparatos de medición 2 (automóviles aviones medicina química y biología)"
MONOGRAFIA,"A 76","Aparatos domésticos"
MONOGRAFIA,"A 77","Aparatos e instrumentos de medición (reloj termómetro balanza báscula pluviómetro hidrógrafo anemómetro veleta barómetro manómetro galvanómetro amperímetro voltímetro)"
MONOGRAFIA,"A 78","Apartheid: discriminación racial"
MONOGRAFIA,"A 79","Aparatos excretor"
MONOGRAFIA,"A 80","Aparato locomotor"
MONOGRAFIA,"A 81","Aparato reproductor"
MONOGRAFIA,"A 82","Aparato reproductor femenino"
MONOGRAFIA,"A 83","Aparato reproductor masculino"
MONOGRAFIA,"A 84","Aparato respiratorio"
MONOGRAFIA,"A 85","Arácnidos, Los"
MONOGRAFIA,"A 86","Arácnidos, Los"
MONOGRAFIA,"A 87","Árbol genealógico del hombre"
MONOGRAFIA,"A 88","Arboles, Los"
MONOGRAFIA,"A 89","Arboles madera y sus derivados"
MONOGRAFIA,"A 90","Arboles y sus frutos"
MONOGRAFIA,"A 91","Aridoamérica"
MONOGRAFIA,"A 92","Aritmética, La"
MONOGRAFIA,"A 93","Arquitectura y escultura griega"
MONOGRAFIA,"A 94","Arrecifes, Los"
MONOGRAFIA,"A 95","Arroz y sus derivados"
MONOGRAFIA,"A 96","Arte barroco"
MONOGRAFIA,"A 97","Arte gótico"
MONOGRAFIA,"A 98","Arte neoclásico"
MONOGRAFIA,"A 99","Arte prehistórico"
MONOGRAFIA,"A 100","Artes y oficios 1"
MONOGRAFIA,"A 101","Artes y oficios 2"
MONOGRAFIA,"A 102","Artes y oficios 3"
MONOGRAFIA,"A 103","Artes plásticas, las"
MONOGRAFIA,"A 104","Artesanías"
MONOGRAFIA,"A 105","Artesanías mexicanas"
MONOGRAFIA,"A 106","Ártico y antártico"
MONOGRAFIA,"A 107","Articulaciones, Las"
MONOGRAFIA,"A 108","Articulo 123, ley federal del trabajo"
MONOGRAFIA,"A 109","Artrópodos"
MONOGRAFIA,"A 110","Asia, mapa político"
MONOGRAFIA,"A 111","Asia, mapa físico"
MONOGRAFIA,"A 112","Astronomía, La"
MONOGRAFIA,"A 113","Atletismo, El"
MONOGRAFIA,"A 114","Atmósfera, La"
MONOGRAFIA,"A 115","Átomo, El"
MONOGRAFIA,"A 116","Autoestima"
MONOGRAFIA,"A 117","Aves 1, Las"
MONOGRAFIA,"A 118","Aves 2, Las"
MONOGRAFIA,"A 119","Aves 3, Las"
MONOGRAFIA,"A 120","Aves migratorias"
MONOGRAFIA,"B 1","Babilonia"
MONOGRAFIA,"B 2","Bacterias, las"
MONOGRAFIA,"B 3","Balanza, la"
MONOGRAFIA,"B 4","Bandas, engranes y poleas"
MONOGRAFIA,"B 5","Banderas de África y Oceania"
MONOGRAFIA,"B 6","Banderas de América"
MONOGRAFIA,"B 7","Banderas de Asia"
MONOGRAFIA,"B 8","Banderas de Europa"
MONOGRAFIA,"B 9","Bandera de México"
MONOGRAFIA,"B 10","Banderas de México"
MONOGRAFIA,"B 11","Banderas del mundo, Asia y Oceanía"
MONOGRAFIA,"B 12","Banderas gloriosas"
MONOGRAFIA,"B 13","Barbaros, Los"
MONOGRAFIA,"B 14","Basura, La"
MONOGRAFIA,"B 15","Basura orgánica é inorgánica"
MONOGRAFIA,"B 16","Batalla del 2 de abril (1867)"
MONOGRAFIA,"B 17","Batalla del 5 de mayo (1862)"
MONOGRAFIA,"B 18","Belisario Dominguez"
MONOGRAFIA,"B 19","Bellas artes, Las"
MONOGRAFIA,"B 20","Bellas artes: La arquitectura"
MONOGRAFIA,"B 21","Bellas artes: La danza"
MONOGRAFIA,"B 22","Bellas artes: La escultura"
MONOGRAFIA,"B 23","Bellas artes: La música"
MONOGRAFIA,"B 24","Bellas artes: La pintura"
MONOGRAFIA,"B 25","Bellas artes: El cine"
MONOGRAFIA,"B 26","Bellas artes: El teatro"
MONOGRAFIA,"B 27","Benefactores de la humanidad"
MONOGRAFIA,"B 28","Benito Juarez (21 de Marzo de 1806)"
MONOGRAFIA,"B 29","Bicentenario de la independencia (27 de Septiembre de 2021)"
MONOGRAFIA,"B 30","Biodiversidad"
MONOGRAFIA,"B 31","Biología, ramas de la"
MONOGRAFIA,"B 32","Biosfera"
MONOGRAFIA,"B 33","Biomas acuáticos (regiones naturales 2)"
MONOGRAFIA,"B 34","Biomas terrestres"
MONOGRAFIA,"B 35","Borrego y sus derivados"
MONOGRAFIA,"B 36","Bosque"
MONOGRAFIA,"B 37","Bosque de coníferas"
MONOGRAFIA,"B 38","Bosque de hojas caedizas"
MONOGRAFIA,"B 39","Bosque mixto"
MONOGRAFIA,"B 40","Bosque templado"
MONOGRAFIA,"B 41","Bosque tropical"
MONOGRAFIA,"B 42","Brújula, La"
MONOGRAFIA,"B 43","Bulimia"
MONOGRAFIA,"B 44","Bullying acoso escolar"
MONOGRAFIA,"B 45","Burguesía, La"
MONOGRAFIA,"C 1","Caballos y sus derivados, El"
MONOGRAFIA,"C 2","Cabra y sus derivados, La"
MONOGRAFIA,"C 3","Cacao, El"
MONOGRAFIA,"C 4","Cadenas alimenticias"
MONOGRAFIA,"C 5","Café y sus derivados, El"
MONOGRAFIA,"C 6","Calendario azteca, El"
MONOGRAFIA,"C 7","Calentamiento global"
MONOGRAFIA,"C 8","Calor, El"
MONOGRAFIA,"C 9","Cámara fotográfica, La"
MONOGRAFIA,"C 10","Cancer, El"
MONOGRAFIA,"C 11","Campo, El"
MONOGRAFIA,"C 12","Caña de azúcar"
MONOGRAFIA,"C 13","Capa de ozono"
MONOGRAFIA,"C 14","Capitalismo, El"
MONOGRAFIA,"C 15","Carranza y la revolución mexicana"
MONOGRAFIA,"C 16","Casa y sus interiores, La"
MONOGRAFIA,"C 17","Castas, Las"
MONOGRAFIA,"C 18","Caucho, El"
MONOGRAFIA,"C 19-A1","Célula, La"
MONOGRAFIA,"C 19-B1","Célula eucariota y procariota"
MONOGRAFIA,"C 20","Célula animal"
MONOGRAFIA,"C 21","Célula animal y vegetal"
MONOGRAFIA,"C 22","Célula vegetal"
MONOGRAFIA,"C 23","Célula y el microscopio, La"
MONOGRAFIA,"C 24","Censos, Los"
MONOGRAFIA,"C 25","Centenario de la revolución mexicana"
MONOGRAFIA,"C 26","Central nucleoeléctrica"
MONOGRAFIA,"C 27","Centros nerviosos, Los"
MONOGRAFIA,"C 28","Cerdo y sus derivados, El"
MONOGRAFIA,"C 29","Cereales y gramineas"
MONOGRAFIA,"C 30","Cerebro, Medula espinal"
MONOGRAFIA,"C 31","Ciclo del agua"
MONOGRAFIA,"C 32","Ciclo del azufre"
MONOGRAFIA,"C 33","Ciclo del carbono"
MONOGRAFIA,"C 34-A1","Ciclo del fósforo"
MONOGRAFIA,"C 35-A1","Ciclo del hidrógeno"
MONOGRAFIA,"C 36","Ciclo del nitrógeno"
MONOGRAFIA,"C 37-A","Ciclo del oxígeno"
MONOGRAFIA,"C 38","Ciclo del oxígeno e hidrógeno, El"
MONOGRAFIA,"C 39","Ciclo vital de las plantas"
MONOGRAFIA,"C 40","Ciencia y la sociedad, La"
MONOGRAFIA,"C 41","Ciencias naturales y su relación con otras ciencias"
MONOGRAFIA,"C 42","Ciencia y tecnología"
MONOGRAFIA,"C 43","Ciencia y tecnología 2"
MONOGRAFIA,"C 44","Cimas y simas"
MONOGRAFIA,"C 45","Cinco reinos de la biología, Los"
MONOGRAFIA,"C 45","Cinco reinos de la biología, Los"
MONOGRAFIA,"C 46","Circo, El"
MONOGRAFIA,"C 47","Circulación, La"
MONOGRAFIA,"C 48","Cid campeador"
MONOGRAFIA,"C 49","Ciudad, La"
MONOGRAFIA,"C 50","Clasificación de los invertebrados"
MONOGRAFIA,"C 51","Clasificación de los mamíferos"
MONOGRAFIA,"C 52","Clasificación de los vertebrados"
MONOGRAFIA,"C 53","Climas de México"
MONOGRAFIA,"C 54","Clima mundial"
MONOGRAFIA,"C 55","Clonación, La"
MONOGRAFIA,"C 56","Cólera, El"
MONOGRAFIA,"C 57","Colonia 1"
MONOGRAFIA,"C 58","Colonia 2"
MONOGRAFIA,"C 59","Colonialismo"
MONOGRAFIA,"C 60","Colonización"
MONOGRAFIA,"C 61-A","Colores, Los"
MONOGRAFIA,"C 61-B","Colores"
MONOGRAFIA,"C 62","Combustión: El fuego, La"
MONOGRAFIA,"C 63","Comercio exterior, El"
MONOGRAFIA,"C 64","Comercio (Tratado de libre comercio)"
MONOGRAFIA,"C 65","Cometas, Los"
MONOGRAFIA,"C 66-A","Comida chatarra"
MONOGRAFIA,"C 66-B","Comida típica mexicana"
MONOGRAFIA,"C 67","Cómo vive el hombre en el desierto y el trópico"
MONOGRAFIA,"C 68","Compuestos químicos"
MONOGRAFIA,"C 69","Computadora, La"
MONOGRAFIA,"C 70","Computación e informática"
MONOGRAFIA,"C 71","Comunicaciones, Las"
MONOGRAFIA,"C 72","Comunicaciones modernas"
MONOGRAFIA,"C 73","Comunidad, La"
MONOGRAFIA,"C 74-A","Comunidad rural y urbana"
MONOGRAFIA,"C 74-B","Comunismo y socialismo"
MONOGRAFIA,"C 75","Conocimiento empírico y científico"
MONOGRAFIA,"C 76","Conquista de México"
MONOGRAFIA,"C 77","Conquista del espacio"
MONOGRAFIA,"C 78","Constelaciones zodiacales"
MONOGRAFIA,"C 79","Constitución de 1917"
MONOGRAFIA,"C 80","Constitución de 1917 (5 de febrero)"
MONOGRAFIA,"C 81","Constituciones de México"
MONOGRAFIA,"C 82","Constitución y moldeado de la corteza terrestre"
MONOGRAFIA,"C 83","Consumación de la independencia (27 de Septiembre de 1821)"
MONOGRAFIA,"C 84","Consumación de la independencia (27 de Septiembre de 1821)"
MONOGRAFIA,"C 85","Contaminación ambiental"
MONOGRAFIA,"C 86","Contaminación ambiental"
MONOGRAFIA,"C 87","Contaminación de la Biosfera"
MONOGRAFIA,"C 88","Contaminación del agua"
MONOGRAFIA,"C 89","Contaminación del aire"
MONOGRAFIA,"C 90","Contaminación del suelo"
MONOGRAFIA,"C 91","Contrarreforma, La"
MONOGRAFIA,"C 92","Conversión de medidas"
MONOGRAFIA,"C 93","Coras y huicholes"
MONOGRAFIA,"C 94","Corazón y los vasos sanguíneos"
MONOGRAFIA,"C 95","Corrientes marinas, Las"
MONOGRAFIA,"C 96","Costas, Las"
MONOGRAFIA,"C 97","Cráneo, El"
MONOGRAFIA,"C 98","Creta y micenas"
MONOGRAFIA,"C 99-A","Criptógamas, Las"
MONOGRAFIA,"C 99-B","Covid 19"
MONOGRAFIA,"C 100","Cristalería de laboratorio"
MONOGRAFIA,"C 101","Cristianismo, El"
MONOGRAFIA,"C 102","Crus roja, La"
MONOGRAFIA,"C 103","Cruzadas, Las"
MONOGRAFIA,"C 104","Cuatro estaciones del año"
MONOGRAFIA,"C 105","Cuatro viajes de colon, Los"
MONOGRAFIA,"C 106-A","Cuauhtémoc"
MONOGRAFIA,"C 106-B","Cuautitlán"
MONOGRAFIA,"C 107","Cubismo, El"
MONOGRAFIA,"C 108","Cuerpo humano, El"
MONOGRAFIA,"C 109-A","Cuidados del agua"
MONOGRAFIA,"C 109-B","Cuidados del agua"
MONOGRAFIA,"C 109-C","Cuidados de nuestro planeta"
MONOGRAFIA,"C 110","Cultura árabe"
MONOGRAFIA,"C 111","Cultura andina (Sudamérica prehispánica)"
MONOGRAFIA,"C 112","Cultura asiria"
MONOGRAFIA,"C 113","Cultura azteca 1"
MONOGRAFIA,"C 114","Cultura azteca 2"
MONOGRAFIA,"C 115","Cultura bizantina"
MONOGRAFIA,"C 116","Cultura caldea (Mesopotamia)"
MONOGRAFIA,"C 117","Cultura chichimeca"
MONOGRAFIA,"C 118","Cultura china 1"
MONOGRAFIA,"C 119","cultura china 2"
MONOGRAFIA,"C 120","Cultura cholula xochicalco"
MONOGRAFIA,"C 121","Cultura egipcia 1"
MONOGRAFIA,"C 122","Cultura egipcia 2"
MONOGRAFIA,"C 123","Cultura griega 1"
MONOGRAFIA,"C 124","Cultura griega 2"
MONOGRAFIA,"C 125","Cultura griega 3"
MONOGRAFIA,"C 126","Cultura huasteca"
MONOGRAFIA,"C 127","Cultura inca"
MONOGRAFIA,"C 128","Cultura india"
MONOGRAFIA,"C 129","Cultura india ""Gandhi"""
MONOGRAFIA,"C 130","Cultura maya 1"
MONOGRAFIA,"C 131","Cultura maya 2"
MONOGRAFIA,"C 132","Cultura maya quiche 3"
MONOGRAFIA,"C 133","Cultura mexica"
MONOGRAFIA,"C 134","Cultura mixteca"
MONOGRAFIA,"C 135","Cultura olmeca"
MONOGRAFIA,"C 136","Cultura precolombina"
MONOGRAFIA,"C 137-A","Cultura prehistórica de México"
MONOGRAFIA,"C 137-B","Culturas antiguas y prehispánicas (localización)"
MONOGRAFIA,"C 138","Fundación de roma"
MONOGRAFIA,"C 139","Cultura romana 1"
MONOGRAFIA,"C 140","Cultura romana 2"
MONOGRAFIA,"C 141","Cultura sumeria"
MONOGRAFIA,"C 142","Cultura tarasca"
MONOGRAFIA,"C 143","Cultura tarasca (purépecha)"
MONOGRAFIA,"C 144","Cultura teotihuacana"
MONOGRAFIA,"C 145","Cultura tolteca 1"
MONOGRAFIA,"C 146","Cultura tolteca 2"
MONOGRAFIA,"C 147","Cultura totonaca"
MONOGRAFIA,"C 148","Cultura zapoteca"
MONOGRAFIA,"D 1","Danzas típicas regionales de México"
MONOGRAFIA,"D 2","Deforestación, La"
MONOGRAFIA,"D 3","Decena trágica, La"
MONOGRAFIA,"D 4","Delincuencia juvenil"
MONOGRAFIA,"D 5-A","Democracia, La"
MONOGRAFIA,"D 6","Deportes 1, Los"
MONOGRAFIA,"D 7","Deportes 2, Los"
MONOGRAFIA,"D 8","Deportes: Basquetbol (Basketball)"
MONOGRAFIA,"D 9","Deportes: El Béisbol (Baseball)"
MONOGRAFIA,"D 10","Deportes: El box"
MONOGRAFIA,"D 11","Deportes: El fútbol (Football)"
MONOGRAFIA,"D 12","Deportes (Fútbol Soccer) (Football)"
MONOGRAFIA,"D 13","Deportes: El fútbol Americano"
MONOGRAFIA,"D 14","Deportes: La gimnasia"
MONOGRAFIA,"D 15","Deportes: La lucha libre"
MONOGRAFIA,"D 16","Deportes: La natación"
MONOGRAFIA,"D 17","Deportes: El tenis"
MONOGRAFIA,"D 18","Deportes: El volley ball"
MONOGRAFIA,"D 19","Derechos de los niños, Los"
MONOGRAFIA,"D 20","Derechos humanos, Los"
MONOGRAFIA,"D 21-A","Derechos indígenas, Los"
MONOGRAFIA,"D 21-B","Derecho animal"
MONOGRAFIA,"D 22","Derechos sociales, Los"
MONOGRAFIA,"D 23","Deriva continental"
MONOGRAFIA,"D 24","Derivados del petróleo"
MONOGRAFIA,"D 25-A","Desastres naturales"
MONOGRAFIA,"D 25-B","Desechos orgánicos e inorgánicos"
MONOGRAFIA,"D 26","Desarrollo humano"
MONOGRAFIA,"D 27","Desarrollo humano"
MONOGRAFIA,"D 28","Desarrollo humano"
MONOGRAFIA,"D 29","Desarrollo de la casa habitación"
MONOGRAFIA,"D 30","Descubrimiento de américa 1 (12 de Octubre de 1492)"
MONOGRAFIA,"D 31","Descubrimiento de américa 1 (12 de Octubre de 1492)"
MONOGRAFIA,"D 32","Descubrimiento de américa 2 (12 de Octubre de 1492)"
MONOGRAFIA,"D 33","Descubrimiento de américa 2 (12 de Octubre de 1492)"
MONOGRAFIA,"D 34","Descubrimiento de américa 3 (12 de Octubre de 1492)"
MONOGRAFIA,"D 35","Desiertos, Los"
MONOGRAFIA,"D 36","Desierto mexicano, Los"
MONOGRAFIA,"D 37-A","Desierto mexicano, Los"
MONOGRAFIA,"D 37-B","Desintegración familiar"
MONOGRAFIA,"D 38","Desnutrición, La"
MONOGRAFIA,"D 39","Desnutrición y alimentos chatarra"
MONOGRAFIA,"D 40-A","Desórdenes alimenticios (anorexia y bulimia)"
MONOGRAFIA,"D 40-B","Día de la madre"
MONOGRAFIA,"D 41","Día de la marina"
MONOGRAFIA,"D 42","Día de los muertos"
MONOGRAFIA,"D 43","Día de los muertos"
MONOGRAFIA,"D 44","Día del amor y la amistad"
MONOGRAFIA,"D 45","Día del maestro"
MONOGRAFIA,"D 46-A","Día del niño"
MONOGRAFIA,"D 46-B","Día internacional de la paz"
MONOGRAFIA,"D 47","Día del padre"
MONOGRAFIA,"D 48","Día del padre (3er domingo de junio)"
MONOGRAFIA,"D 49","Día del soldado"
MONOGRAFIA,"D 50","Día del trabajo"
MONOGRAFIA,"D 51","Día mundial de la alimentación"
MONOGRAFIA,"D 52","Día mundial de la mujer"
MONOGRAFIA,"D 53","Día mundial del medio ambiente (5 de Junio)"
MONOGRAFIA,"D 53","Nuestro medio ambiente"
MONOGRAFIA,"D 53","Medio ambiente y su protección"
MONOGRAFIA,"D 54-A","Día mundial de la salud"
MONOGRAFIA,"D 54-B","Día de reyes"
MONOGRAFIA,"D 55-A","Diabetes, La"
MONOGRAFIA,"D 55-B","Día y noche"
MONOGRAFIA,"D 56","Dientes 1, Los"
MONOGRAFIA,"D 57","Dientes 2, Los"
MONOGRAFIA,"D 57-B","10 Diez formas de ser un buen estudiante"
MONOGRAFIA,"D 58","Diferentes formas de gobierno 1"
MONOGRAFIA,"D 59","Diferentes formas de gobierno 2"
MONOGRAFIA,"D 60","Diferentes tipos de energía"
MONOGRAFIA,"D 61","Diferentes tipos de lenguaje"
MONOGRAFIA,"D 62","Diferentes tipos de mapa"
MONOGRAFIA,"D 63","Diferentes tipos de movimientos"
MONOGRAFIA,"D 64","Diferentes tipos de suelo"
MONOGRAFIA,"D 65","Digestión, La"
MONOGRAFIA,"D 66","Dimorfismo sexual"
MONOGRAFIA,"D 67","Dioses aztecas"
MONOGRAFIA,"D 68","Dioses aztecas"
MONOGRAFIA,"D 69","Discriminación, La"
MONOGRAFIA,"D 70","Distribución de la fauna en el mundo 1"
MONOGRAFIA,"D 71","Distribución de la fauna en el mundo 2"
MONOGRAFIA,"D 72","Distribución de la flora"
MONOGRAFIA,"D 73","Distribución de la flora en el mundo"
MONOGRAFIA,"D 74","Distribución de la flora en el mundo"
MONOGRAFIA,"D 75","Distribución de la flora en México"
MONOGRAFIA,"D 76","Distrito federal, El"
MONOGRAFIA,"D 77","Distrito federal, división política"
MONOGRAFIA,"D 78","Donación y trasplante de órganos"
MONOGRAFIA,"D 79","Donación y trasplante de órganos"
MONOGRAFIA,"D 80","Drogas y drogadicción"
MONOGRAFIA,"D 81","Drogadicción y drogas"
MONOGRAFIA,"D 82","Dulces mexicanos"
MONOGRAFIA,"D 83","Dulces mexicanos 1"
MONOGRAFIA,"E 1","Eclipses, Los"
MONOGRAFIA,"E 2","Ecología, La"
MONOGRAFIA,"E 3","Ecología, acciones necesarias"
MONOGRAFIA,"E 4","Ecosistema, El"
MONOGRAFIA,"E 5","Ecosistemas, mexicanos"
MONOGRAFIA,"E 6","Edad antigua"
MONOGRAFIA,"E 7","Edad contemporánea"
MONOGRAFIA,"E 8","Edad de los metales"
MONOGRAFIA,"E 9","Edad de piedra: El mesolítico"
MONOGRAFIA,"E 10","Edad de piedra: El neolítico"
MONOGRAFIA,"E 11","Edad de piedra: El paleolítico"
MONOGRAFIA,"E 12","Edad de piedra: (paleolítico neolítico)"
MONOGRAFIA,"E 13","Edad media 1"
MONOGRAFIA,"E 14","Edad media 2"
MONOGRAFIA,"E 15","Edad moderna"
MONOGRAFIA,"E 16","Educación física"
MONOGRAFIA,"E 17","Educación sexual, nuestro cuerpo"
MONOGRAFIA,"E 18","Educación vial (Señales de tránsito)"
MONOGRAFIA,"E 18","Educación vial 1"
MONOGRAFIA,"E 19","Educación vial 2"
MONOGRAFIA,"E 20","Ejercito mexicano"
MONOGRAFIA,"E 21","Electricidad"
MONOGRAFIA,"E 22","Electromagnetismo"
MONOGRAFIA,"E 23","Electrostática"
MONOGRAFIA,"E 24","Elementos de la computadora"
MONOGRAFIA,"E 25","Elementos químicos"
MONOGRAFIA,"E 26","Embarazo, El (Cómo empieza la vida)"
MONOGRAFIA,"E 27","Emiliano zapata 1"
MONOGRAFIA,"E 28-A","Emiliano zapata 1"
MONOGRAFIA,"E 28-B","Emperadores romanos"
MONOGRAFIA,"E 29","Energéticos"
MONOGRAFIA,"E 30","Energía luminosa"
MONOGRAFIA,"E 31","Energía nuclear, La"
MONOGRAFIA,"E 32","Energía nuclear (La radiactividad)"
MONOGRAFIA,"E 33","Energía radiante"
MONOGRAFIA,"E 34","Enfermedades, Las"
MONOGRAFIA,"E 35","Enfermedades de transmisión sexual"
MONOGRAFIA,"E 36","Enfermedades de transmisión sexual"
MONOGRAFIA,"E 37","Enfermedades epidémicas"
MONOGRAFIA,"E 38","Enfermedades gastrointestinales"
MONOGRAFIA,"E 39","Enfermedades producidas por la contaminación"
MONOGRAFIA,"E 40","Enfermedades respiratorias"
MONOGRAFIA,"E 41","Enfermedades respiratorias"
MONOGRAFIA,"E 42","Enfermedades venéreas"
MONOGRAFIA,"E 43","Enseñanza en México, La"
MONOGRAFIA,"E 44-A","Entidad, localidad y municipio"
MONOGRAFIA,"E 44-B","Equidad de género"
MONOGRAFIA,"E 45","Era precámbrica"
MONOGRAFIA,"E 46-A","Eras geológicas"
MONOGRAFIA,"E 47-B","Eras geológicas"
MONOGRAFIA,"E 48-C","Eras geológicas"
MONOGRAFIA,"E 49","Erosión, La"
MONOGRAFIA,"E 50","Esclavitud, La"
MONOGRAFIA,"E 51","Esclavitud, La"
MONOGRAFIA,"E 52","Esclavitud, la"
MONOGRAFIA,"E 53","Escudo nacional"
MONOGRAFIA,"E 54","Escudo nacional mexicano"
MONOGRAFIA,"E 55","Escudos de la rep mexicana 1"
MONOGRAFIA,"E 56","Escudos de la rep mexicana 2"
MONOGRAFIA,"E 57","Escudo del Estado de México"
MONOGRAFIA,"E 58","Escuelas, La educación"
MONOGRAFIA,"E 59","Esqueleto, El (frente)"
MONOGRAFIA,"E 60","Esqueleto, El (posterior)"
MONOGRAFIA,"E 61-A","Estado de Aguascalientes"
MONOGRAFIA,"E 61-B","Estados de Ánimo"
MONOGRAFIA,"E 62","Estado de Baja California"
MONOGRAFIA,"E 63","Estado de Baja California Sur"
MONOGRAFIA,"E 64","Estado de Campeche"
MONOGRAFIA,"E 65","Estado de Coahuila"
MONOGRAFIA,"E 66","Estado de Colima"
MONOGRAFIA,"E 67","Estado de Chiapas"
MONOGRAFIA,"E 68","Estado de Chihuahua"
MONOGRAFIA,"E 69","Estado de Durango"
MONOGRAFIA,"E 70","Estado de Guanajuato"
MONOGRAFIA,"E 71","Estado de Guerrero"
MONOGRAFIA,"E 72","Estado de Hidalgo"
MONOGRAFIA,"E 73","Estado de Jalisco"
MONOGRAFIA,"E 74","Estado de Jalisco (División política)"
MONOGRAFIA,"E 75","Estado de México"
MONOGRAFIA,"E 76","Estado de Michoacán"
MONOGRAFIA,"E 77","Estado de Morelos"
MONOGRAFIA,"E 78","Estado de Nayarit"
MONOGRAFIA,"E 79","Estado de Nuevo León"
MONOGRAFIA,"E 80","Estado de Oaxaca"
MONOGRAFIA,"E 81","Estado de Puebla"
MONOGRAFIA,"E 82","Estado de Querétaro"
MONOGRAFIA,"E 83","Estado de Quintana Roo"
MONOGRAFIA,"E 84","Estado de San Luis Potosí"
MONOGRAFIA,"E 85","Estado de Sinaloa"
MONOGRAFIA,"E 86","Estado de Sonora"
MONOGRAFIA,"E 87","Estado de Tabasco"
MONOGRAFIA,"E 88","Estado de Tamaulipas"
MONOGRAFIA,"E 89","Estado de Tlaxcala"
MONOGRAFIA,"E 90","Estado de Veracruz"
MONOGRAFIA,"E 91","Estado de Yucatán"
MONOGRAFIA,"E 92","Estado de Zacatecas"
MONOGRAFIA,"E 93","Estados físicos de la materia"
MONOGRAFIA,"E 94","Estados Unidos de América"
MONOGRAFIA,"E 95","Estepas, Las"
MONOGRAFIA,"E 96","Estrellas y constelaciones, Las"
MONOGRAFIA,"E 97","Estructura interna de la tierra (Capas de la tierra)"
MONOGRAFIA,"E 98","Etnias de México: Huastecos y Totonacos"
MONOGRAFIA,"E 99","Etnias de México: Los Mayas"
MONOGRAFIA,"E 100","Etnias de México: Otomíes y Mazahuas"
MONOGRAFIA,"E 101","Etnias de México: Los Tzeltales y Tzotziles"
MONOGRAFIA,"E 102","Europa Mapa político"
MONOGRAFIA,"E 103","Europa Mapa físico"
MONOGRAFIA,"E 104","Evolución de hombre"
MONOGRAFIA,"E 105","Evolución del hombre"
MONOGRAFIA,"E 106","Evolución de la corteza terrestre"
MONOGRAFIA,"E 107","Evolución de la vida 1"
MONOGRAFIA,"E 108","Evolución de la vida 2"
MONOGRAFIA,"E 109","Evolución de la aviación"
MONOGRAFIA,"E 110","Evolución de las especies"
MONOGRAFIA,"E 111","Evolución de los reptiles"
MONOGRAFIA,"E 112","Evolución del barco"
MONOGRAFIA,"E 113","Evolución del coche y el ferrocarril"
MONOGRAFIA,"E 114","Explosión demográfica"
MONOGRAFIA,"E 115","Expropiación petrolera 1 (18 de Marzo de 1938)"
MONOGRAFIA,"E 116","Expropiación petrolera 2 (18 de Marzo de 1938)"
MONOGRAFIA,"E 117","Evolución de las comunicaciones"
MONOGRAFIA,"F 1","Factor biótico y abiótico (Seres vivos y muertos)"
MONOGRAFIA,"F 2","Factor biótico y abiótico (Seres vivos y muertos)"
MONOGRAFIA,"F 3","Factor biótico y abiótico 2 (Seres vivos y muertos)"
MONOGRAFIA,"F 4","Familia 1, La"
MONOGRAFIA,"F 5","Familia 2, La"
MONOGRAFIA,"F 6","Familia, La (Evolución y clasificación social)"
MONOGRAFIA,"F 7","Familias vegetales, Las"
MONOGRAFIA,"F 8","Fanerógamas, Las (Espermatófitas/Spermatophyta) (Plantas con semilla)"
MONOGRAFIA,"F 9","Fanerógamas y criptógamas (Esporafitas/Acotiledóneas) (Plantas sin semilla)"
MONOGRAFIA,"F 10","Fauna de México, La"
MONOGRAFIA,"F 11","Fauna del sureste de México"
MONOGRAFIA,"F 12","Fauna nociva"
MONOGRAFIA,"F 13","Federalismo, El"
MONOGRAFIA,"F 14","Fenicios, Los"
MONOGRAFIA,"F 15","Fenicia y creta"
MONOGRAFIA,"F 16","Fenómenos físicos y químicos"
MONOGRAFIA,"F 17","Fenómenos naturales 1"
MONOGRAFIA,"F 18","Fenómenos naturales 2"
MONOGRAFIA,"F 19","Fenómenos naturales (Los temblores)"
MONOGRAFIA,"F 20","Feria"
MONOGRAFIA,"F 21","Fermentación, La"
MONOGRAFIA,"F 22","Feudalismo, El"
MONOGRAFIA,"F 23","Figuras y cuerpos geométricos"
MONOGRAFIA,"F 24","Figuras y cuerpos geométricos"
MONOGRAFIA,"F 25","Filósofos griegos"
MONOGRAFIA,"F 27","Física y sus divisiones"
MONOGRAFIA,"F 28","Física: Fuerza y movimiento"
MONOGRAFIA,"F 29","Física, leyes de newton y pascal (Fuerza y trabajo)"
MONOGRAFIA,"F 30","Física, principio de arquímedes (palancas y poleas)"
MONOGRAFIA,"F 31","Fisiología humana 1"
MONOGRAFIA,"F 32","Fisiología humana 2"
MONOGRAFIA,"F 33","Flor, La"
MONOGRAFIA,"F 34","Flores, Las"
MONOGRAFIA,"F 35","Fósiles 1, Los"
MONOGRAFIA,"F 36","Fósiles 2, Los"
MONOGRAFIA,"F 37","Fotosíntesis, La"
MONOGRAFIA,"F 37-A","Francia"
MONOGRAFIA,"F 37-B","Fotosíntesis, La"
MONOGRAFIA,"F 38","Fracciones y quebrados"
MONOGRAFIA,"F 39","Frijol y sus derivados"
MONOGRAFIA,"F 40","Frutas 1, Las"
MONOGRAFIA,"F 41","Frutas 2, Las"
MONOGRAFIA,"F 42","Frutas y verduras"
MONOGRAFIA,"F 43","Fruto, El"
MONOGRAFIA,"F 44","Fuerza y movimiento"
MONOGRAFIA,"F 45","Fuerza y movimiento"
MONOGRAFIA,"F 46","Fundación de Guadalajara"
MONOGRAFIA,"F 47","Fundación de Monterrey"
MONOGRAFIA,"F 48","Fundación de Puebla"
MONOGRAFIA,"F 49","Fundación de Tenochtitlán"
MONOGRAFIA,"G 1","Galaxia y la vía láctea, La"
MONOGRAFIA,"G 2","Gallina y sus derivados"
MONOGRAFIA,"G 3","Garantías individuales"
MONOGRAFIA,"G 4","Garantías individuales 1 (Artículo 1 al 14)"
MONOGRAFIA,"G 5","Garantías individuales 1 (Artículo 15 al 29"
MONOGRAFIA,"G 6","Gases, Los"
MONOGRAFIA,"G 7","Gastronomía mexicana"
MONOGRAFIA,"G 8-A","Las generaciones de la humanidad"
MONOGRAFIA,"G 8-B","Genética, La"
MONOGRAFIA,"G 9","Geografía de México 1"
MONOGRAFIA,"G 10","Geografía de México 2"
MONOGRAFIA,"G 11","Geografía física (Espacios geográficos)"
MONOGRAFIA,"G 12","Geometría, La"
MONOGRAFIA,"G 13","Germinación, La"
MONOGRAFIA,"G 14","Glaciaciones, Las"
MONOGRAFIA,"G 15","Glándulas de secreción interna"
MONOGRAFIA,"G 16","Globalización, La"
MONOGRAFIA,"G 17","Grandes científicos 1, Físicos"
MONOGRAFIA,"G 18","Grandes científicos 2, Medicina"
MONOGRAFIA,"G 19","Grandes científicos 3, Medicina"
MONOGRAFIA,"G 20","Grandes científicos 4, Química"
MONOGRAFIA,"G 21","Grandes compositores y sus óperas"
MONOGRAFIA,"G 22","Grandes descubrimientos de la humanidad"
MONOGRAFIA,"G 23","Grandes descubrimientos de la medicina"
MONOGRAFIA,"G 24","Granja, La"
MONOGRAFIA,"G 25","Granos y cereales"
MONOGRAFIA,"G 26","Gravedad, La"
MONOGRAFIA,"G 27","Grecia: Atenas"
MONOGRAFIA,"G 28","Grecia: Esparta"
MONOGRAFIA,"G 29","Grecia: Macedonia"
MONOGRAFIA,"G 30","Grupos étnicos de la república mexicana"
MONOGRAFIA,"G 31-A","Guerra de corea"
MONOGRAFIA,"G 31-B","Guerra fría"
MONOGRAFIA,"G 32","Guerra de los pasteles, La"
MONOGRAFIA,"G 33","Guerras púnicas"
MONOGRAFIA,"G 34","Gusano de seda"
MONOGRAFIA,"G 35","Gusto, La"
MONOGRAFIA,"H 1-A","La hambruna. Víctimas del desarrollo mundial"
MONOGRAFIA,"H 1","Hebreos, Los"
MONOGRAFIA,"H 2","Helenismo, El"
MONOGRAFIA,"H 3","Herbívoros y carnívoros"
MONOGRAFIA,"H 4","Heroes de la independencia"
MONOGRAFIA,"H 5","Herramientas del trabajo y agricultura"
MONOGRAFIA,"H 6","Hidrosfera, La"
MONOGRAFIA,"H 7","Hidrostática, La"
MONOGRAFIA,"H 8","Higiene bucal 1"
MONOGRAFIA,"H 9","Higiene bucal 1"
MONOGRAFIA,"H 10","Higiene bucal 2"
MONOGRAFIA,"H 11","Higiene escolar"
MONOGRAFIA,"H 12","Higiene escolar"
MONOGRAFIA,"H 13","Higiene escolar"
MONOGRAFIA,"H 14","higiene de nuestro cuerpo (personal)"
MONOGRAFIA,"H 15","Higiene sexual"
MONOGRAFIA,"H 16","Himno nacional"
MONOGRAFIA,"H 17","Himno nacional mexicano"
MONOGRAFIA,"H 18","Himno del Estado de México"
MONOGRAFIA,"H 19","Historia de barco y la navegación"
MONOGRAFIA,"H 20","Historia del comercio"
MONOGRAFIA,"H 21","Historia del correo"
MONOGRAFIA,"H 22","Historia del ferrocarril"
MONOGRAFIA,"H 23","Historia del fútbol (football)"
MONOGRAFIA,"H 24","Historia del microscopio"
MONOGRAFIA,"H 25","Historia del papel y la escritura"
MONOGRAFIA,"H 26","Historia del reloj"
MONOGRAFIA,"H 27","Historia del transporte"
MONOGRAFIA,"H 28","Historia del vestido 1"
MONOGRAFIA,"H 29","Historia del vestido 2"
MONOGRAFIA,"H 30","Historia del vidrio"
MONOGRAFIA,"H 31-A","Historia de la danza"
MONOGRAFIA,"H 31-B","Historia de la agricultura"
MONOGRAFIA,"H 32","Historia de la biología"
MONOGRAFIA,"H 33","Historia de la computadora"
MONOGRAFIA,"H 34","Historia de la comunicación"
MONOGRAFIA,"H 35","Historia de la física 1"
MONOGRAFIA,"H 36","Historia de la física 2"
MONOGRAFIA,"H 37","Historia de la ganadería"
MONOGRAFIA,"H 38","Historia de la geografía"
MONOGRAFIA,"H 39","Historia de la imprenta"
MONOGRAFIA,"H 40","Historia de la literatura"
MONOGRAFIA,"H 41","Historia de la medicina"
MONOGRAFIA,"H 42","Historia de la medicina y sus maravillas 1"
MONOGRAFIA,"H 43","Historia de la medicina y sus maravillas 2"
MONOGRAFIA,"H 44","Historia de la minería"
MONOGRAFIA,"H 45-A","Historia de la química"
MONOGRAFIA,"H 45-B","Historia de México"
MONOGRAFIA,"H 46","Historia de la radio"
MONOGRAFIA,"H 47-A","Historia de la rueda"
MONOGRAFIA,"H 47-B","Historia de la tierra"
MONOGRAFIA,"H 48","Historia de la televisión"
MONOGRAFIA,"H 49","Historia de las armas"
MONOGRAFIA,"H 50","Historia de las banderas mexicanas"
MONOGRAFIA,"H 51","Historia de las banderas mexicanas"
MONOGRAFIA,"H 52","Historia de la bandera nacional"
MONOGRAFIA,"H 53","Historia de las comunicaciones"
MONOGRAFIA,"H 54","Historia de las matemáticas"
MONOGRAFIA,"H 55","Historia y sus divisiones"
MONOGRAFIA,"H 56","Hojas, Las"
MONOGRAFIA,"H 57","Hombre primitivo"
MONOGRAFIA,"H 58","Homínidos, Los"
MONOGRAFIA,"H 59","Hongos, Los"
MONOGRAFIA,"H 60","Honores a la bandera"
MONOGRAFIA,"H 61","Hormonas, Las"
MONOGRAFIA,"H 62","Humanismo, El"
MONOGRAFIA,"H 63","Huracanes"
MONOGRAFIA,"H 64","Huracanes y ciclones"
MONOGRAFIA,"I 1","Idiomas del mundo"
MONOGRAFIA,"I 2","Ilustración, La"
MONOGRAFIA,"I 3","Imperialismo, El"
MONOGRAFIA,"I 4","Imperio, El segundo"
MONOGRAFIA,"I 5","Imperio bizantino"
MONOGRAFIA,"I 6","Imperio turco otomano, El"
MONOGRAFIA,"I 7","Impresionismo, El"
MONOGRAFIA,"I 8-A","Importancia de conocer el sistema inmunológico, La"
MONOGRAFIA,"I 8","Incendios forestales"
MONOGRAFIA,"I 9-A","Independencia de México 1 (15 y 16 de Septiembre de 1810)"
MONOGRAFIA,"I 9-B","Independencia de México 2 (15 y 16 de Septiembre de 1810)"
MONOGRAFIA,"I 10","Independencia de México 3 (15 y 16 de Septiembre de 1810)"
MONOGRAFIA,"I 11","Indígenas de centro y Sudamérica"
MONOGRAFIA,"I 12","Indígenas de Norteamérica"
MONOGRAFIA,"I 13","Industria aeronáutica"
MONOGRAFIA,"I 14","Industria automotriz"
MONOGRAFIA,"I 15","Industria eléctrica en México 1"
MONOGRAFIA,"I 16","Industria eléctrica en México 2"
MONOGRAFIA,"I 17","Industria extractiva y de transformación"
MONOGRAFIA,"I 18","Industria ferrocarrilera"
MONOGRAFIA,"I 19","Industria metalúrgica"
MONOGRAFIA,"I 20","Industria papelera"
MONOGRAFIA,"I 21","Industria pesquera"
MONOGRAFIA,"I 22","Industria petrolera"
MONOGRAFIA,"I 23","Industria petroquímica"
MONOGRAFIA,"I 24","Industria textil"
MONOGRAFIA,"I 25","Industria vitivinícola"
MONOGRAFIA,"I 26","Industrialización, La"
MONOGRAFIA,"I 27","Informe presidencial y transmisión de poderes"
MONOGRAFIA,"I 28","Informe presidencial y transmisión de poderes"
MONOGRAFIA,"I 29","Independencia y sus antecedentes (15 y 16 de Septiembre de 1810)"
MONOGRAFIA,"I 30","Iniciación de la independencia 1 (15 y 16 de Septiembre de 1810)"
MONOGRAFIA,"I 31","Iniciación de la independencia de México (15 y 16 de Septiembre de 1810)"
MONOGRAFIA,"I 32","Influenza (H1N1)"
MONOGRAFIA,"I 33","Inquisición, La"
MONOGRAFIA,"I 34","Insectos 1, Los"
MONOGRAFIA,"I 35","Insectos 2, Los"
MONOGRAFIA,"I 36","Instrumentos de laboratorio 1"
MONOGRAFIA,"I 37","Instrumentos de laboratorio 2"
MONOGRAFIA,"I 38","Instrumental de laboratorio de química, física y biología"
MONOGRAFIA,"I 39","Instrumentos de laboratorio de química y biología"
MONOGRAFIA,"I 40","Instrumentos musicales 1"
MONOGRAFIA,"I 41","Instrumentos musicales 2"
MONOGRAFIA,"I 42","Instrumentos musicales 3"
MONOGRAFIA,"I 43","Instrumentos musicales 4"
MONOGRAFIA,"I 44","Instrumentos musicales"
MONOGRAFIA,"I 45","Internet, multimedia y realidad virtual"
MONOGRAFIA,"I 46","Intervención francesa"
MONOGRAFIA,"I 47","Invasión norteamericana"
MONOGRAFIA,"I 48","Inventores 1"
MONOGRAFIA,"I 49","Inventores 2"
MONOGRAFIA,"I 50","Inversión térmica"
MONOGRAFIA,"I 51","Invertebrados, Los"
MONOGRAFIA,"I 52","Invierno"
MONOGRAFIA,"I 53","Islam, El"
MONOGRAFIA,"J 1-A","Jarra del buen beber"
MONOGRAFIA,"J 1-B","Japón y su cultura"
MONOGRAFIA,"J 3","José Maria Morelos y Pavón 1"
MONOGRAFIA,"J 4","José Maria Morelos y Pavón 2 ""Ideario político"""
MONOGRAFIA,"J 5","Juguetes de niño"
MONOGRAFIA,"J 6","Juguetes de niñas"
MONOGRAFIA,"L 1","Lagos, Los"
MONOGRAFIA,"L 2","Lenguas y dialectos de México"
MONOGRAFIA,"L 3","Ley agraria, La"
MONOGRAFIA,"L 4","Leyendas de México"
MONOGRAFIA,"L 5","Leyes de Newton y Pascal"
MONOGRAFIA,"L 6","Leyes de reforma"
MONOGRAFIA,"L 7","Libertadores de América 1"
MONOGRAFIA,"L 8","Libertadores de América 2"
MONOGRAFIA,"L 9","Limpieza de la ciudad"
MONOGRAFIA,"L 10","Limpieza de la ciudad"
MONOGRAFIA,"L 11","Lineas imaginarias de la tierra"
MONOGRAFIA,"L 12","Literatura contemporánea"
MONOGRAFIA,"L 13","Literatura: Épica, lírica y dramática"
MONOGRAFIA,"L 14","Literatura: El cuento y la fábula"
MONOGRAFIA,"L 15","Literatura: El romanticismo y el realismo"
MONOGRAFIA,"L 16","Literatura: El modernismo"
MONOGRAFIA,"L 17","Literatura, La novela y el teatro"
MONOGRAFIA,"L 18","Literatura española, siglo de oro"
MONOGRAFIA,"L 19","Literatura hispanoamericana"
MONOGRAFIA,"L 20","Literatura inglesa"
MONOGRAFIA,"L 21","Literatura mexicana"
MONOGRAFIA,"L 22","Literatura universal"
MONOGRAFIA,"L 23","Llanuras y mesetas"
MONOGRAFIA,"L 24","Localidad, entidad y municipio"
MONOGRAFIA,"L 25","Lógica y conjuntos"
MONOGRAFIA,"L 26","Luis Pasteur"
MONOGRAFIA,"L 27","Luna, La"
MONOGRAFIA,"M 1","Madera y sus derivados"
MONOGRAFIA,"M 2","Madero y Pino Suárez"
MONOGRAFIA,"M 3","Magnetismo, El"
MONOGRAFIA,"M 4-A","Maíz y sus derivados"
MONOGRAFIA,"M 4-B","Maltrato a menores, El"
MONOGRAFIA,"M 5","Mamíferos 1, Los"
MONOGRAFIA,"M 6","Mamíferos 2, Los"
MONOGRAFIA,"M 7","Mamíferos marinos"
MONOGRAFIA,"M 8","Manglar, El"
MONOGRAFIA,"M 9","Máquina de escribir"
MONOGRAFIA,"M 10","Máquina de vapor, La"
MONOGRAFIA,"M 11","Máquina de vapor, La"
MONOGRAFIA,"M 12","Máquinas simples y compuestas"
MONOGRAFIA,"M 13","Maquinaria de trabajo"
MONOGRAFIA,"M 14","Mapamundi"
MONOGRAFIA,"M 15","Mar abisal, Geografía física?"
MONOGRAFIA,"M 16","Mar, Fuente de vida"
MONOGRAFIA,"M 17","Maravillas del mundo, Las"
MONOGRAFIA,"M 18","Maravillas de la medicina moderna"
MONOGRAFIA,"M 19","Mares y océanos (Mar y región marina)"
MONOGRAFIA,"M 20","Mariposas, Las"
MONOGRAFIA,"M 21","Mariposas, Las"
MONOGRAFIA,"M 22","Mariposa monarca, La"
MONOGRAFIA,"M 23","Materia y energía (Estados físicos)"
MONOGRAFIA,"M 24","Materia: Propiedades de los cuerpos"
MONOGRAFIA,"M 25","Matorral, El"
MONOGRAFIA,"M 26","Medicina de los antiguos mexicanos"
MONOGRAFIA,"M 27","Medición del tiempo, La"
MONOGRAFIA,"M 28","Médicos y biólogos 1"
MONOGRAFIA,"M 29","Médicos y biólogos 2"
MONOGRAFIA,"M 30-A","Medidas de seguridad"
MONOGRAFIA,"M 30-B","Mediterráneo, El"
MONOGRAFIA,"M 31","Menstruación, La"
MONOGRAFIA,"M 32","Mesoamérica"
MONOGRAFIA,"M 33","Mesoamérica (Culturas prehispánicas)"
MONOGRAFIA,"M 34","Mesopotamia"
MONOGRAFIA,"M 35","Mesopotamia"
MONOGRAFIA,"M 36","Melchor Ocampo"
MONOGRAFIA,"M 37","Metabolismo"
MONOGRAFIA,"M 38","Metamorfosis de la rana"
MONOGRAFIA,"M 39","Metazoarios, Los"
MONOGRAFIA,"M 40-A","México actual"
MONOGRAFIA,"M 40-B","México y su gran diversidad cultural"
MONOGRAFIA,"M 41","México contemporáneo 1"
MONOGRAFIA,"M 42","México contemporáneo 2"
MONOGRAFIA,"M 43","México contemporáneo 3"
MONOGRAFIA,"M 44-A","México independiente"
MONOGRAFIA,"M 44-B1","México moderno 1"
MONOGRAFIA,"M 44-B2","México moderno 2"
MONOGRAFIA,"M 45","México prehispánico"
MONOGRAFIA,"M 46","Mezclas homogéneas y heterogéneas"
MONOGRAFIA,"M 47","Microbios y bacilos"
MONOGRAFIA,"M 48","Microscopios compuestos"
MONOGRAFIA,"M 49","Microscopios electrónicos"
MONOGRAFIA,"M 50","Microorganismos y la salud"
MONOGRAFIA,"M 51","Miguel de Cervantes de Saavedra"
MONOGRAFIA,"M 52","Miguel hidalgo y costilla"
MONOGRAFIA,"M 53","Minerales metálicos 1"
MONOGRAFIA,"M 54","Minerales metálicos 2"
MONOGRAFIA,"M 55","Minerales no metálicos"
MONOGRAFIA,"M 56","Minería en México"
MONOGRAFIA,"M 57","Misioneros"
MONOGRAFIA,"M 58","Mitología grecorromana"
MONOGRAFIA,"M 59","Modernismo, El. Pintura"
MONOGRAFIA,"M 60","Molécula"
MONOGRAFIA,"M 61","Moluscos"
MONOGRAFIA,"M 62","Monarquía"
MONOGRAFIA,"M 63","Monedas mexicanas 1"
MONOGRAFIA,"M 64","Monedas mexicanas 2"
MONOGRAFIA,"M 65","Montañas"
MONOGRAFIA,"M 66","Montañas (Montañas, lagos, mares y costas)"
MONOGRAFIA,"M 67","Monumentos nacionales"
MONOGRAFIA,"M 68","Monzones"
MONOGRAFIA,"M 69","Motor de combustión interna"
MONOGRAFIA,"M 70","Movimientos de rotación"
MONOGRAFIA,"M 71","Movimientos de traslación"
MONOGRAFIA,"M 72","Movimientos migratorios"
MONOGRAFIA,"M 73","Movimiento estudiantil de 1968 2 de octubre"
MONOGRAFIA,"M 74","Movimiento obrero"
MONOGRAFIA,"M 75","Mujeres célebres"
MONOGRAFIA,"M 76","Municipio"
MONOGRAFIA,"M 77-A","Muralismo"
MONOGRAFIA,"M 77-B","Muro de Berlín"
MONOGRAFIA,"M 78","Músculos"
MONOGRAFIA,"M 79","Museos nacionales"
MONOGRAFIA,"M 80","Músicos internacionales"
MONOGRAFIA,"M 81","Músicos mexicanos"
MONOGRAFIA,"M 82","Musgos, hepáticas y helechos"
MONOGRAFIA,"N 1","Naciones unidas 1"
MONOGRAFIA,"N 2","Naciones unidas 2"
MONOGRAFIA,"N 3","Naciones unidas"
MONOGRAFIA,"N 4","Nahoas (Tribus nahuatlacas) (Tribus de habla Náhuatl)"
MONOGRAFIA,"N 5-A","Napoleón Bonaparte"
MONOGRAFIA,"N 5-B","Navidad y posadas"
MONOGRAFIA,"N 6","Niños héroes"
MONOGRAFIA,"N 7","Niños héroes"
MONOGRAFIA,"N 8","Niños héroes"
MONOGRAFIA,"N 10","Nómadas y sedentarios"
MONOGRAFIA,"N 11","Nubes, Las"
MONOGRAFIA,"N 12","Números, Los"
MONOGRAFIA,"N 13","Números a través de los siglos"
MONOGRAFIA,"N 14","Números del 1 al 100"
MONOGRAFIA,"N 15","Números romanos, Los"
MONOGRAFIA,"N 16","Números romanos, Los"
MONOGRAFIA,"N 17","Nutrición, La"
MONOGRAFIA,"O 1-A","Obesidad"
MONOGRAFIA,"O 1-B","Obesidad infantil"
MONOGRAFIA,"O 2","Objetos típicos mexicanos 1"
MONOGRAFIA,"O 3","Objetos típicos de México 1"
MONOGRAFIA,"O 4","Objetos típicos mexicanos 2"
MONOGRAFIA,"O 5","Objetos típicos mexicanos 3"
MONOGRAFIA,"O 6","Obligaciones de los niños y las niñas"
MONOGRAFIA,"O 7","Oceanía, Mapa político"
MONOGRAFIA,"O 9","Oído, El"
MONOGRAFIA,"O 10","Oído, El"
MONOGRAFIA,"O 11","Olfato, El"
MONOGRAFIA,"O 12","Olimpiadas, Las"
MONOGRAFIA,"O 13","Olimpiadas, Las"
MONOGRAFIA,"O 14","Omnívoros, Los"
MONOGRAFIA,"O 15","Óptica, La"
MONOGRAFIA,"O 16","Organización de estados americanos"
MONOGRAFIA,"O 17","Organismos eucariotas y procariotas"
MONOGRAFIA,"O 18","Organismos internacionales"
MONOGRAFIA,"O 19","Organismos unicelulares y pluricelulares"
MONOGRAFIA,"O 20","Orientación, La"
MONOGRAFIA,"O 21","Origen del hombre americano (Pangea, Estrecho de Bering)"
MONOGRAFIA,"O 22","Origen y formación de la tierra"
MONOGRAFIA,"O 23","Origen y usos del maíz"
MONOGRAFIA,"O 24","Orquesta sinfónica"
MONOGRAFIA,"O 25","Otomíes y mazahuas"
MONOGRAFIA,"O 26","Otoño"
MONOGRAFIA,"O 27","Ovíparos"
MONOGRAFIA,"O 28","Ovíparos y vivíparos"
MONOGRAFIA,"O 29","Oxígeno e hidrógeno"
MONOGRAFIA,"P 1","Palancas, Las"
MONOGRAFIA,"P 2","Pangeas"
MONOGRAFIA,"P 3","Partidos políticos"
MONOGRAFIA,"P 4-A","Parto, El"
MONOGRAFIA,"P 4-B","Patrimonio cultural"
MONOGRAFIA,"P 4-C","Patrimonio natural"
MONOGRAFIA,"P 5","Pastizales, Los"
MONOGRAFIA,"P 6","Peces 1"
MONOGRAFIA,"P 7","Peces 1"
MONOGRAFIA,"P 8","Peces 1"
MONOGRAFIA,"P 9","Peces"
MONOGRAFIA,"P 10","Peces 2"
MONOGRAFIA,"P 11","Peces 2"
MONOGRAFIA,"P 12","Peces 2"
MONOGRAFIA,"P 13","Peces raros No. 2"
MONOGRAFIA,"P 14","Persas y medos"
MONOGRAFIA,"P 15","Personas con capacidades diferentes"
MONOGRAFIA,"P 16","Personajes de la revolución mexicana"
MONOGRAFIA,"P 17","Personajes ilustres de Nuevo León"
MONOGRAFIA,"P 18","Periodo cuaternario"
MONOGRAFIA,"P 19","Perú"
MONOGRAFIA,"P 20","Petróleos mexicanos"
MONOGRAFIA,"P 21","Piedras preciosas"
MONOGRAFIA,"P 22","Piel, La"
MONOGRAFIA,"P 23","Pintores 1"
MONOGRAFIA,"P 24","Pintores 2"
MONOGRAFIA,"P 25","Pintores 3"
MONOGRAFIA,"P 26-A","Pintores y artistas"
MONOGRAFIA,"P 26-B","Pinturas rupestres"
MONOGRAFIA,"P 27-A","Pirámide alimentaria"
MONOGRAFIA,"P 27-B","Pirámides del mundo"
MONOGRAFIA,"P 28","Placas tectónicas, Las"
MONOGRAFIA,"P 29","Plan de Ayala"
MONOGRAFIA,"P 30","Plan de Iguala y Ayutla"
MONOGRAFIA,"P 31","Plan de Guadalupe"
MONOGRAFIA,"P 32","Plan de Guadalupe"
MONOGRAFIA,"P 33","Planes de México"
MONOGRAFIA,"P 34","Plan de San Luis"
MONOGRAFIA,"P 35","Planes y tratados de México"
MONOGRAFIA,"P 36","Planetas, Los"
MONOGRAFIA,"P 37","Planeta tierra, El"
MONOGRAFIA,"P 38","Planificación familiar"
MONOGRAFIA,"P 39","Planilla didáctica 1"
MONOGRAFIA,"P 40","Planilla didáctica 2"
MONOGRAFIA,"P 41","Planisferio, mapa político"
MONOGRAFIA,"P 42","Planisferio, mapa físico"
MONOGRAFIA,"P 43","Planta, La"
MONOGRAFIA,"P 44","Plantas acuáticas"
MONOGRAFIA,"P 45","Plantas comestibles"
MONOGRAFIA,"P 46","Plantas en peligro de extinción"
MONOGRAFIA,"P 47","Plantas en peligro de extinción"
MONOGRAFIA,"P 48","Plantas industriales"
MONOGRAFIA,"P 49","Plantas industriales 1"
MONOGRAFIA,"P 50","Plantas industriales 2"
MONOGRAFIA,"P 51","Plantas industriales 3"
MONOGRAFIA,"P 52","Plantas medicinales"
MONOGRAFIA,"P 53","Plantas medicinales 1"
MONOGRAFIA,"P 54","Plantas medicinales 2"
MONOGRAFIA,"P 55","Plantas medicinales 1"
MONOGRAFIA,"P 56-A","Plantas medicinales 2"
MONOGRAFIA,"P 56-B","Plato del buen comer, El"
MONOGRAFIA,"P 57","Porfiriato 1"
MONOGRAFIA,"P 58","Porfiriato 2"
MONOGRAFIA,"P 59","Porfirio Díaz en la intervención francesa"
MONOGRAFIA,"P 60","Pradera, La"
MONOGRAFIA,"P 61","Preclásico en el valle de México"
MONOGRAFIA,"P 62","Prehistoria: era Cenozoica"
MONOGRAFIA,"P 63","Prehistoria: Era Mesozoica"
MONOGRAFIA,"P 64","Prehistoria: Era paleozoica"
MONOGRAFIA,"P 65","Prehistoria: era precámbrica"
MONOGRAFIA,"P 66","Premios nobel de medicina"
MONOGRAFIA,"P 67","Presidentes de México 1"
MONOGRAFIA,"P 68","Presidentes de México 2"
MONOGRAFIA,"P 69","Presión y sus aplicaciones"
MONOGRAFIA,"P 70","Prevención de accidentes"
MONOGRAFIA,"P 71","Primates, Los"
MONOGRAFIA,"P 72","Primavera"
MONOGRAFIA,"P 73","Primera guerra mundial"
MONOGRAFIA,"P 74","Primero de mayo, día del trabajo"
MONOGRAFIA,"P 75","Primeros auxilios"
MONOGRAFIA,"P 76","Primeros pobladores de México"
MONOGRAFIA,"P 77","Principales artículos de la constitución"
MONOGRAFIA,"P 78","Problemas sociales"
MONOGRAFIA,"P 79","Producción agropecuaria de la República Mexicana"
MONOGRAFIA,"P 80","Profesiones"
MONOGRAFIA,"P 81","Protección civil"
MONOGRAFIA,"P 82","Protozoarios, Los"
MONOGRAFIA,"P 83","Protozoarios y Metazoarios"
MONOGRAFIA,"P 84","Prostitución"
MONOGRAFIA,"P 85","Proyección cartográfica"
MONOGRAFIA,"Q 1","Química inorgánica"
MONOGRAFIA,"Q 2","Química orgánica"
MONOGRAFIA,"R 1","Rabia (Hidrofobia, La)"
MONOGRAFIA,"R 2","Radiactividad"
MONOGRAFIA,"R 3","Ramas de la biología"
MONOGRAFIA,"R 4","Raíz"
MONOGRAFIA,"R 5","Razas humanas 1"
MONOGRAFIA,"R 6","Razas humanas 2"
MONOGRAFIA,"R 7","Razas de perros 1"
MONOGRAFIA,"R 8","Razas de perros 2"
MONOGRAFIA,"R 9","Realismo, El"
MONOGRAFIA,"R 10","Reciclaje, El"
MONOGRAFIA,"R 11","Recursos naturales de México"
MONOGRAFIA,"R 12-A","Recursos naturales renovables y no renovables"
MONOGRAFIA,"R 12-B","Redes sociales (17 de mayo, Día mundial de las telecomunicaciones y la sociedad de la información)"
MONOGRAFIA,"R 13","Reforestación, La"
MONOGRAFIA,"R 14","Regiones naturales"
MONOGRAFIA,"R 15","Regiones naturales de México"
MONOGRAFIA,"R 16","Regiones naturales - El desierto"
MONOGRAFIA,"R 17","Regiones naturales - El monzón"
MONOGRAFIA,"R 18","Regiones naturales - La sabana"
MONOGRAFIA,"R 19","Regiones naturales - La tundra"
MONOGRAFIA,"R 20","Regiones naturales - Zona mediterránea"
MONOGRAFIA,"R 21","Reglamentación y uso de la bandera"
MONOGRAFIA,"R 22","Reino animal"
MONOGRAFIA,"R 23-A","Reino mineral"
MONOGRAFIA,"R 23-B","Reino unido de Gran Bretaña"
MONOGRAFIA,"R 24-A","Reino vegetal"
MONOGRAFIA,"R 25","Reino vegetal 2"
MONOGRAFIA,"R 26","Relaciones entre las ciencias naturales"
MONOGRAFIA,"R 27-A","Relieve terrestre"
MONOGRAFIA,"R 27-B","Religiones, Las"
MONOGRAFIA,"R 28","Renacimiento, El"
MONOGRAFIA,"R 29","Renacimiento en Europa"
MONOGRAFIA,"R 30","Reproducción de los seres: El hombre"
MONOGRAFIA,"R 31","Reproducción de las plantas"
MONOGRAFIA,"R 32","Reproducción de los animales"
MONOGRAFIA,"R 33","Reproducción de los seres vivos"
MONOGRAFIA,"R 34","Reptiles y anfibios"
MONOGRAFIA,"R 35","República, La"
MONOGRAFIA,"R 36","República mexicana, División política"
MONOGRAFIA,"R 37","República mexicana, Mapa físico"
MONOGRAFIA,"R 38","Respiración, La"
MONOGRAFIA,"R 39","Revolución constitucionalista"
MONOGRAFIA,"R 40","Revolución china"
MONOGRAFIA,"R 41-A","Revolución cubana"
MONOGRAFIA,"R 41-B","Revolución francesa"
MONOGRAFIA,"R 42","Revolución industrial"
MONOGRAFIA,"R 43","Revolución inglesa"
MONOGRAFIA,"R 44","Revolución mexicana 1"
MONOGRAFIA,"R 45","Revolución mexicana 2"
MONOGRAFIA,"R 46","Revolución rusa"
MONOGRAFIA,"R 47","Reyes aztecas, Los"
MONOGRAFIA,"R 48","Ríos, Los"
MONOGRAFIA,"R 49","Rocas, Las"
MONOGRAFIA,"R 50","Rocas, Las"
MONOGRAFIA,"R 51","Rocas y minerales, piedras preciosas y decorativas"
MONOGRAFIA,"R 53","Roma: La república"
MONOGRAFIA,"R 54","Roma: El imperio"
MONOGRAFIA,"R 55","Roma: La decadencia"
MONOGRAFIA,"R 56","Romanticismo, El"
MONOGRAFIA,"R 57","Rondas y cuentos infantiles"
MONOGRAFIA,"R 58","Rotación y translación de la tierra"
MONOGRAFIA,"S 1","Sabana, La"
MONOGRAFIA,"S 2","Sangre, La"
MONOGRAFIA,"S 3","Santa Anna, Antonio López de"
MONOGRAFIA,"S 4","Satélites 1"
MONOGRAFIA,"S 5","Satélites 2"
MONOGRAFIA,"S 6","Segunda guerra mundial"
MONOGRAFIA,"S 7","Segundo imperio, El"
MONOGRAFIA,"S 8","Seguridad industrial"
MONOGRAFIA,"S 9","Seguridad social"
MONOGRAFIA,"S 10","Seguridad social (Hospitales, Institutos nacionales de salud)"
MONOGRAFIA,"S 12","Selva, La"
MONOGRAFIA,"S 13","Selva tropical húmeda"
MONOGRAFIA,"S 14","Selva tropical húmeda y selva tropical seca"
MONOGRAFIA,"S 15","Selva tropical seca"
MONOGRAFIA,"S 16","Selva y bosque, La"
MONOGRAFIA,"S 17","Senectud, La"
MONOGRAFIA,"S 18","Sentido del gusto"
MONOGRAFIA,"S 19","Sentido del oído"
MONOGRAFIA,"S 20","Sentido del olfato"
MONOGRAFIA,"S 21","Sentido del tacto"
MONOGRAFIA,"S 22","Sentido de la vista"
MONOGRAFIA,"S 23","Sentidos, Los"
MONOGRAFIA,"S 24","Señalizaciones"
MONOGRAFIA,"S 25","Señales de transito"
MONOGRAFIA,"S 26","Señalamientos viales"
MONOGRAFIA,"S 27","Separaciones de mezclas"
MONOGRAFIA,"S 28","Seres vivos y la energía"
MONOGRAFIA,"S 29","Serpientes, Las"
MONOGRAFIA,"S 30","Servicios públicos"
MONOGRAFIA,"S 31-A","Servicio social"
MONOGRAFIA,"S 31-B","Servicios de la Ciudad de México"
MONOGRAFIA,"S 32","Servicios sociales"
MONOGRAFIA,"S 33","Servidores públicos 1"
MONOGRAFIA,"S 34","Servidores públicos 2"
MONOGRAFIA,"S 35","Sexualidad, adulto y vejez"
MONOGRAFIA,"S 36","Sexualidad, infancia y niñez"
MONOGRAFIA,"S 37","Sexualidad, pubertad y adolescencia"
MONOGRAFIA,"S 38","SIDA, El"
MONOGRAFIA,"S 39","Siete maravillas del mundo antiguo"
MONOGRAFIA,"S 40","Siete maravillas del mundo moderno"
MONOGRAFIA,"S 41-A","Silabario"
MONOGRAFIA,"S 41-B","Simbiosis"
MONOGRAFIA,"S 42","Símbolos patrios, Los"
MONOGRAFIA,"S 43","Sismos, medidas de seguridad, Los"
MONOGRAFIA,"S 44","Sismos y maremotos"
MONOGRAFIA,"S 45","Sistemas de numeración"
MONOGRAFIA,"S 46","Sistemas de numeración matemáticas"
MONOGRAFIA,"S 47","Sistema educativo mexicano"
MONOGRAFIA,"S 48","Sistema endocrino y las glándulas"
MONOGRAFIA,"S 49","Sistema inmunológico"
MONOGRAFIA,"S 50","Sistema linfático"
MONOGRAFIA,"S 51","Sistema métrico decimal"
MONOGRAFIA,"S 52","Sistema muscular"
MONOGRAFIA,"S 53","Sistema nervioso"
MONOGRAFIA,"S 54","Sistema óseo"
MONOGRAFIA,"S 55","Sistema político mexicano"
MONOGRAFIA,"S 56","Sistema solar"
MONOGRAFIA,"S 57","Sistema solar y las galaxias"
MONOGRAFIA,"S 58","Sistema urinario, El"
MONOGRAFIA,"S 59","Socialismo, El"
MONOGRAFIA,"S 60","Sol, El"
MONOGRAFIA,"S 61","Sonido, El"
MONOGRAFIA,"S 62","Sor Juana Inés de la Cruz"
MONOGRAFIA,"S 63","Suelos"
MONOGRAFIA,"S 64","Surrealismo, El"
MONOGRAFIA,"S 65","La sustentabilidad"
MONOGRAFIA,"T 1","Tabaquismo, El"
MONOGRAFIA,"T 2","Tablas de multiplicar, Las"
MONOGRAFIA,"T 3","Tabla periódica de los elementos"
MONOGRAFIA,"T 4","Tabla periódica de los elementos y sus aplicaciones"
MONOGRAFIA,"T 5","Tacto, El"
MONOGRAFIA,"T 6","Taiga, La"
MONOGRAFIA,"T 7","Tarahumaras, Los"
MONOGRAFIA,"T 8","Taxonomía, La"
MONOGRAFIA,"T 9","Teclado de la computadora, El"
MONOGRAFIA,"T 10","Teclado de la computadora, Código ASCII"
MONOGRAFIA,"T 10","Tecnologías modernas"
MONOGRAFIA,"T 11","Tejido animal y vegetal"
MONOGRAFIA,"T 12","Tejido animal y vegetal"
MONOGRAFIA,"T 13","Telescopio, El"
MONOGRAFIA,"T 14","Tercer mundo. Países en vías de desarrollo"
MONOGRAFIA,"T 15","Teorías sobre el origen de la vida"
MONOGRAFIA,"T 16","Termómetro y sus aplicaciones"
MONOGRAFIA,"T 17","Terrorismo, El"
MONOGRAFIA,"T 18","Tierra, La"
MONOGRAFIA,"T 19","Tortugas, Las"
MONOGRAFIA,"T 20","Tradiciones mexicanas 1"
MONOGRAFIA,"T 21","Tradiciones mexicanas 2"
MONOGRAFIA,"T 22","Tradiciones y leyendas de México"
MONOGRAFIA,"T 23","Trajes típicos de América 1"
MONOGRAFIA,"T 24","Trajes típicos de América 2"
MONOGRAFIA,"T 25","Trajes típicos de Asia"
MONOGRAFIA,"T 26","Trajes típicos de Asia y África"
MONOGRAFIA,"T 27","Trajes típicos de Europa 1"
MONOGRAFIA,"T 28","Trajes típicos de Europa 2"
MONOGRAFIA,"T 29","Trajes típicos y escudos de la república mexicana 1"
MONOGRAFIA,"T 30","Trajes típicos y escudos de la república mexicana 2"
MONOGRAFIA,"T 31","Trajes típicos y escudos de la república mexicana 3"
MONOGRAFIA,"T 32","Trajes típicos y escudos de la república mexicana 4"
MONOGRAFIA,"T 33","Transportes aéreos"
MONOGRAFIA,"T 34","Transportes aéreos y su historia 1"
MONOGRAFIA,"T 35","Transportes marítimos"
MONOGRAFIA,"T 36","Transportes marítimos y su historia"
MONOGRAFIA,"T 37","Transportes modernos"
MONOGRAFIA,"T 38","Transportes modernos marítimos, terrestres y aéreos"
MONOGRAFIA,"T 40","Transportes terrestre"
MONOGRAFIA,"T 41","Transportes terrestres y su historia"
MONOGRAFIA,"T 42-A","Tres carabelas, Las"
MONOGRAFIA,"T 42-B","Tres poderes, Los"
MONOGRAFIA,"T 43","Trece colonias, Las"
MONOGRAFIA,"T 44-A","Tribus urbanas"
MONOGRAFIA,"T 44-B","Trigo y sus derivados, el"
MONOGRAFIA,"T 45","Triunfo de la república"
MONOGRAFIA,"T 46-A","Tundra, La"
MONOGRAFIA,"T 46-B","Turismo"
MONOGRAFIA,"T 47","(Tzales y Tzolziles) Tzeltales y tzotziles"
MONOGRAFIA,"U 1","Universo, el"
MONOGRAFIA,"U 2","Usos del sonido, Los"
MONOGRAFIA,"U 3","Útiles escolares"
MONOGRAFIA,"V 1","Vaca y sus derivados"
MONOGRAFIA,"V 2","Vacunas y sueros"
MONOGRAFIA,"V 3","Valores éticos y cívicos"
MONOGRAFIA,"V 4","Valores éticos, cívicos y morales 1"
MONOGRAFIA,"V 5","Valores éticos, cívicos y morales 2"
MONOGRAFIA,"V 6","Valles y cañones"
MONOGRAFIA,"V 7","Vegetación de México, La"
MONOGRAFIA,"V 8","Verano, El"
MONOGRAFIA,"V 9","Verduras, Las"
MONOGRAFIA,"V 10","Vertebrados, Los"
MONOGRAFIA,"V 11","Vía láctea y las galaxias"
MONOGRAFIA,"V 12","Vía láctea, La galaxia"
MONOGRAFIA,"V 13","Vicente Guerrero"
MONOGRAFIA,"V 14","Vida en las aguas oceánicas"
MONOGRAFIA,"V 15","Vida urbana y rural (La ciudad y el campo)"
MONOGRAFIA,"V 16","VIH, SIDA, El"
MONOGRAFIA,"V 17","Vikingos, Los"
MONOGRAFIA,"V 18","Violencia intrafamiliar"
MONOGRAFIA,"V 19","Violencia intrafamiliar"
MONOGRAFIA,"V 20","Virus, Los (Del zika y del chikungunya)"
MONOGRAFIA,"V 21","Virreyes, Los (Virreinato)"
MONOGRAFIA,"V 22","Vista, La"
MONOGRAFIA,"V 23","Vitaminas, Las"
MONOGRAFIA,"V 24","Vitaminas y alimentos"
MONOGRAFIA,"V 25","Vivíparos, Los"
MONOGRAFIA,"V 26","Vocales, Las"
MONOGRAFIA,"V 27","Volcanes, Los"
MONOGRAFIA,"V 28","Voto, El"
MONOGRAFIA,"Y 1","Yacimientos de carbón mineral y urbano"
MONOGRAFIA,"Z 1","Zonas volcánicas y sísmicas de México"
MONOGRAFIA,"Z 2","Zoológico, Al"
BIOGRAFIA,"A 1","Abasolo, Mariano"
BIOGRAFIA,"A 2","Abreu Gomez, Emilio"
BIOGRAFIA,"A 3","Acamapichtli"
BIOGRAFIA,"A 4","Acuña, Manuel"
BIOGRAFIA,"A 5","Adriano, Publio Elio"
BIOGRAFIA,"A 6","Aguilar, Cándido"
BIOGRAFIA,"A 7","Aguilar, Fray Jerónimo de"
BIOGRAFIA,"A 8","Aguilar, Lauro"
BIOGRAFIA,"A 9","Agustín de Hipona, San"
BIOGRAFIA,"A 10","Ahuízotl"
BIOGRAFIA,"A 11","Akutagawa, Ryūnosuke (Ryunosoke)"
BIOGRAFIA,"A 12","Alamán, Lucas"
BIOGRAFIA,"A 13","Alarcón, Pedro Antonio de"
BIOGRAFIA,"A 14","Alatorre, Ignacio"
BIOGRAFIA,"A 15","Alatriste, Miguel Cástulo"
BIOGRAFIA,"A 16","Albéniz Isaac"
BIOGRAFIA,"A 17","Alberti, Rafael"
BIOGRAFIA,"A 18","Alcalá, Macedonio"
BIOGRAFIA,"A 19","Alcalá y Barriga, Antonio Fray"
BIOGRAFIA,"A 20","Alcocer, Vidal"
BIOGRAFIA,"A 21","Alcott, Louisa May"
BIOGRAFIA,"A 22","Aldama, Ignacio"
BIOGRAFIA,"A 23","Aldama, Juan"
BIOGRAFIA,"A 24","Aldrin, Edwin E"
BIOGRAFIA,"A 25","Alegre, Francisco Javier"
BIOGRAFIA,"A 26","Alejandro II"
BIOGRAFIA,"A 27","Alemán, Valdés, Miguel"
BIOGRAFIA,"A 28","Alessio Robles, Vito"
BIOGRAFIA,"A 29","Alfaro Siqueiros, David"
BIOGRAFIA,"A 30","Alfonso X (El sabio)"
BIOGRAFIA,"A 31","Alhóndiga de Granaditas"
BIOGRAFIA,"A 32","Allende, Ignacio"
BIOGRAFIA,"A 33","Allende, Salvador"
BIOGRAFIA,"A 34","Almagro, Diego de"
BIOGRAFIA,"A 35","Almonte, Juan Nepomuceno"
BIOGRAFIA,"A 36","Altamirano, Ignacio Manuel"
BIOGRAFIA,"A 37","Alvarado, Pedro de"
BIOGRAFIA,"A 38","Alvarado, Salvador"
BIOGRAFIA,"A 39","Álvarez, Juan"
BIOGRAFIA,"A 40","Álvarez Cabral, Pedro"
BIOGRAFIA,"A 41","Alzate, Jose Antonio"
BIOGRAFIA,"A 42","Alzheimer, Alois"
BIOGRAFIA,"A 43","Ampère, André Marie"
BIOGRAFIA,"A 44","Anaxágoras"
BIOGRAFIA,"A 45","Anaximandro de Mileto"
BIOGRAFIA,"A 46","Anaxímenes de Mileto"
BIOGRAFIA,"A 47","Anaya, Pedro Ma"
BIOGRAFIA,"A 48","Ancona, Eligio"
BIOGRAFIA,"A 49","Andersen, Hans Christian"
BIOGRAFIA,"A 50","Andreiev, Leónidas"
BIOGRAFIA,"A 51","Angeles, Felipe"
BIOGRAFIA,"A 52","Anibal"
BIOGRAFIA,"A 53","Anitúa, Fanny"
BIOGRAFIA,"A 54","Annan, Kofi"
BIOGRAFIA,"A 55","Antuñano, Esteban de"
BIOGRAFIA,"A 56","Aparicio, Sebastian de"
BIOGRAFIA,"A 57","Apollinaire, Guillaume"
BIOGRAFIA,"A 58","Apolonio de Perga"
BIOGRAFIA,"A 59","Arboleda, Julio"
BIOGRAFIA,"A 60","Arcadio Pagaza, Joaquín"
BIOGRAFIA,"A 61","Arco, Juana de"
BIOGRAFIA,"A 62","Argüelles, Hugo"
BIOGRAFIA,"A 63","Ariosto, Ludovico"
BIOGRAFIA,"A 64","Arista, Mariano"
BIOGRAFIA,"A 65","Aristarco de Samos"
BIOGRAFIA,"A 66","Aristófanes"
BIOGRAFIA,"A 67","Aristóteles"
BIOGRAFIA,"A 68","Armstrong, Neil A"
BIOGRAFIA,"A 69","Arquímedes"
BIOGRAFIA,"A 70","Arreola, Juan Jose"
BIOGRAFIA,"A 71","Arrhenius, Svante August"
BIOGRAFIA,"A 72","Arriaga, Ponciano"
BIOGRAFIA,"A 73","Arteaga, José Maria"
BIOGRAFIA,"A 74","Artigas, J Gervasio"
BIOGRAFIA,"A 75","Ascencio, Alquisiras Pedro"
BIOGRAFIA,"A 76","Asclepio"
BIOGRAFIA,"A 77","Asimov, Isaac"
BIOGRAFIA,"A 78","Asurbanipal (Assurbanipal)"
BIOGRAFIA,"A 79","Aston, Francis W"
BIOGRAFIA,"A 80","Asturias, Miguel Ángel"
BIOGRAFIA,"A 81","Atahualpa"
BIOGRAFIA,"A 82","Atila"
BIOGRAFIA,"A 83","Averroes"
BIOGRAFIA,"A 84","Ávila Camacho, Manuel"
BIOGRAFIA,"A 85","Ávila Camacho, Maximino"
BIOGRAFIA,"A 86","Avogadro, Amadeo"
BIOGRAFIA,"A 87","Axayácatl"
BIOGRAFIA,"A 88","Azuela, Mariano"
BIOGRAFIA,"A 89","Azueta, José"
BIOGRAFIA,"B 1","Babbage, Charles"
BIOGRAFIA,"B 2","Baca Calderón, Esteban"
BIOGRAFIA,"B 3","Bach, Juan Sebastián"
BIOGRAFIA,"B 4","Bacón, Francisco"
BIOGRAFIA,"B 5","Bacón, Roger"
BIOGRAFIA,"B 6","Balákirev, Mili Alekséievich/Alexeievich"
BIOGRAFIA,"B 7","Balbuena, Bernardo de"
BIOGRAFIA,"B 8","Balderas, Lucas"
BIOGRAFIA,"B 9","Ban Ki-Moon"
BIOGRAFIA,"B 10","Balzac, Honorato de"
BIOGRAFIA,"B 11","Bandera de México"
BIOGRAFIA,"B 12","Banting, Frederick Grant"
BIOGRAFIA,"B 13","Baptista, Van Helmont Jan"
BIOGRAFIA,"B 14","Baroja, Pío"
BIOGRAFIA,"B 15","Bartók, Béla"
BIOGRAFIA,"B 16","Barragán, Miguel"
BIOGRAFIA,"B 17","Barreda, Gabino"
BIOGRAFIA,"B 18","Barrera, Juan de la"
BIOGRAFIA,"B 19","Bassols, Narciso"
BIOGRAFIA,"B 20","Batalla de Chapultepec"
BIOGRAFIA,"B 21","Bateson, William"
BIOGRAFIA,"B 22","Baudelaire, Charles"
BIOGRAFIA,"B 23","Bautista Ceballos, Juan"
BIOGRAFIA,"B 24","Bazaine, Aquiles (François Achille Bazaine)"
BIOGRAFIA,"B 25","Baz Prada, Dr. Gustavo"
BIOGRAFIA,"B 26","Beaumarchais, Pierre A. de"
BIOGRAFIA,"B 27","Beauvoir, Simone de"
BIOGRAFIA,"B 28","Bécquer, Gustavo Adolfo"
BIOGRAFIA,"B 29","Becquerel, Henri"
BIOGRAFIA,"B 30","Beckett, Samuel"
BIOGRAFIA,"B 31","Beethoven, Ludwig Van"
BIOGRAFIA,"B 32","Behring, Emil Von"
BIOGRAFIA,"B 33","Béistegui, Concepción"
BIOGRAFIA,"B 34","Beltrán, Enrique"
BIOGRAFIA,"B 35","Beltrán, de Guzmán Nuño"
BIOGRAFIA,"B 36","Bell, Alexander Graham"
BIOGRAFIA,"B 37","Bellini, Vicente"
BIOGRAFIA,"B 38","Bello, Andrés"
BIOGRAFIA,"B 39","Benalcázar, Sebastián de (Belalcázar)"
BIOGRAFIA,"B 40","Benavente, Toribio de ""Motolinia"""
BIOGRAFIA,"B 41","Benavente, Jacinto"
BIOGRAFIA,"B 42","Benedetti, Mario"
BIOGRAFIA,"B 43","Benedicto XVI"
BIOGRAFIA,"B 44","Benitez, Fernando"
BIOGRAFIA,"B 45","Benz, Karl Friedrich"
BIOGRAFIA,"B 46","Berceo, Gonzalo de"
BIOGRAFIA,"B 47","Berg, Alban"
BIOGRAFIA,"B 48","Bergson, Henri-Louis (Henry)"
BIOGRAFIA,"B 49","Bering, Vitus Jonassen"
BIOGRAFIA,"B 50","Berkeley, George"
BIOGRAFIA,"B 51","Berlioz, Luis Héctor"
BIOGRAFIA,"B 52","Bernal Jiménez, Miguel"
BIOGRAFIA,"B 53","Bernard, Claudio"
BIOGRAFIA,"B 54","Bernoulli, Daniel"
BIOGRAFIA,"B 55","Berriozábal, Felipe"
BIOGRAFIA,"B 56","Berthelot, Pierre Eugène Marcellin"
BIOGRAFIA,"B 57","Berzelius, Jöns Jakob"
BIOGRAFIA,"B 58","Bessemer, Henry"
BIOGRAFIA,"B 59","Bethe, Hans Albrecht"
BIOGRAFIA,"B 60","Bismarck, Otto Von"
BIOGRAFIA,"B 61","Bizet, Jorge"
BIOGRAFIA,"B 62","Black, Joseph"
BIOGRAFIA,"B 63","Blake, William"
BIOGRAFIA,"B 64","Blackwell, Elizabeth"
BIOGRAFIA,"B 65","Blanco, Lucio"
BIOGRAFIA,"B 66","Blanco, Othón P."
BIOGRAFIA,"B 67","Blasco Ibáñez, Vicente"
BIOGRAFIA,"B 68","Bocanegra, José Ma."
BIOGRAFIA,"B 69","Boccaccio, Juan"
BIOGRAFIA,"B 70","Bohr, Niels Henrik David"
BIOGRAFIA,"B 71","Bolivar, Simón"
BIOGRAFIA,"B 72","Boltzmann, Ludwig"
BIOGRAFIA,"B 73","Bolyai, János"
BIOGRAFIA,"B 74","Bolzano, Bernhard"
BIOGRAFIA,"B 75","Bonaparte, Napoleón"
BIOGRAFIA,"B 76","Bonifaz Nuño, Rubén"
BIOGRAFIA,"B 77","Bonilla, Juan Crisóstomo"
BIOGRAFIA,"B 78","Bondone, Giotto di"
BIOGRAFIA,"B 79","Boole, George"
BIOGRAFIA,"B 80","Bordet, Jules"
BIOGRAFIA,"B 81","Borges, Jorge Luis"
BIOGRAFIA,"B 82A","Borgia, Lucrecia"
BIOGRAFIA,"B 82B","Borlaug, Norman"
BIOGRAFIA,"B 83","Born, Max"
BIOGRAFIA,"B 84","Borodin, Alexander"
BIOGRAFIA,"B 85","Bosco, Hieronymus Bosch, El (Jheronimus van Aken/Joen/Bosch)"
BIOGRAFIA,"B 86","Boscán, Juan"
BIOGRAFIA,"B 87","Bosch, Carl"
BIOGRAFIA,"B 88","Botticelli, Sandro (Boticelli)"
BIOGRAFIA,"B 89","Boturini Benaducci, Lorenzo"
BIOGRAFIA,"B 90","Boutros Ghali, Boutros (Butros)"
BIOGRAFIA,"B 91","Boyle, Robert"
BIOGRAFIA,"B 92","Bragg, Sir William Henry"
BIOGRAFIA,"B 93","Brahe, Tycho"
BIOGRAFIA,"B 94","Brahms, Johannes"
BIOGRAFIA,"B 95","Braille, Louis"
BIOGRAFIA,"B 96","Bramante, Donato"
BIOGRAFIA,"B 97","Braque, Georges"
BIOGRAFIA,"B 98","Braun, Wernher Von"
BIOGRAFIA,"B 99","Bravo, Leonardo"
BIOGRAFIA,"B 100","Bravo, Nicolás"
BIOGRAFIA,"B 101","Bretón, André"
BIOGRAFIA,"B 102","Brown, Robert"
BIOGRAFIA,"B 103","Browning, Robert"
BIOGRAFIA,"B 104","Broz, Josip, ""Tito"""
BIOGRAFIA,"B 105","Brueghel, Pieter ""El Viejo"""
BIOGRAFIA,"B 106","Brunelleschi, Felipe"
BIOGRAFIA,"B 107","Bruto Marco Junio"
BIOGRAFIA,"B 108","Bucareli y Ursúa, Antonio María de"
BIOGRAFIA,"B 109","Buchanan, James M"
BIOGRAFIA,"B 110","Buchner, Eduard"
BIOGRAFIA,"B 111","Buck, Pearl S."
BIOGRAFIA,"B 112","Buda (Siddharta Gautama)"
BIOGRAFIA,"B 113","Buelna Tenorio, Rafael"
BIOGRAFIA,"B 114","Buffon, Georges-Louis Leclero, Conde de (Leclerc)"
BIOGRAFIA,"B 115","Bunsen, Robert Wilhelm"
BIOGRAFIA,"B 116","Buonarroti, Miguel Angel (Michelangelo di Lodovico Buonarroti)"
BIOGRAFIA,"B 118","Burbank, Luter (Luther)"
BIOGRAFIA,"B 119","Bustamante, Anastasio"
BIOGRAFIA,"B 120","Bustamante, Carlos María de"
BIOGRAFIA,"C 1","Cabot, Juan"
BIOGRAFIA,"C 2","Cabot, Sebastián"
BIOGRAFIA,"C 3","Cabrera, Luis"
BIOGRAFIA,"C 4","Carpio, Manuel"
BIOGRAFIA,"C 5","Cabrera, Miguel"
BIOGRAFIA,"C 6","Caldas, Francisco José"
BIOGRAFIA,"C 7","Calderón de la Barca, Pedro"
BIOGRAFIA,"C 8","Calderón, Fernando"
BIOGRAFIA,"C 9","Calderón, Hinojosa F"
BIOGRAFIA,"C 10","Calígula"
BIOGRAFIA,"C 11","Calleja, Félix Ma."
BIOGRAFIA,"C 12","Calles, Plutarco Elías"
BIOGRAFIA,"C 13","Calmette, Alberto"
BIOGRAFIA,"C 14","Calvino, Juan"
BIOGRAFIA,"C 15","Camarillo, Maria Enriqueta"
BIOGRAFIA,"C 16","Campa, Gustavo Ernesto"
BIOGRAFIA,"C 17","Campana de Dolores"
BIOGRAFIA,"C 18","Campanella, Tomasso (Tommaso)"
BIOGRAFIA,"C 19","Campo, Ángel del"
BIOGRAFIA,"C 20","Campoamor, Ramón de"
BIOGRAFIA,"C 21","Camus, Alberto"
BIOGRAFIA,"C 22","Canalizo, Valentín"
BIOGRAFIA,"C 23","Cannizzaro, Stanislao"
BIOGRAFIA,"C 24","Cantor, Georg"
BIOGRAFIA,"C 25","Carabelas de Colón"
BIOGRAFIA,"C 26","Carballido, Emilio"
BIOGRAFIA,"C 27","Cárdenas, Lázaro"
BIOGRAFIA,"C 28","Carlomagno"
BIOGRAFIA,"C 29","Carlos I de Inglaterra"
BIOGRAFIA,"C 30","Carlos III"
BIOGRAFIA,"C 31","Carlos IV"
BIOGRAFIA,"C 32","Carlos V"
BIOGRAFIA,"C 33","Carlota Amalia"
BIOGRAFIA,"C 34","Carmona y Valle, Manuel"
BIOGRAFIA,"C 35","Carranza, Emilio"
BIOGRAFIA,"C 36","Carranza, Venustiano"
BIOGRAFIA,"C 37","Carrera, Martín"
BIOGRAFIA,"C 38","Carrera, Torres Alberto"
BIOGRAFIA,"C 39","Carrillo, Julian"
BIOGRAFIA,"C 40","Carrillo Puerto, Felipe"
BIOGRAFIA,"C 41","Carpentier y Valmont, Alejo"
BIOGRAFIA,"C 42","Carter, James"
BIOGRAFIA,"C 43","Carvajal, Francisco"
BIOGRAFIA,"C 44","Casal, Julián del"
BIOGRAFIA,"C 45","Casals, Pablo"
BIOGRAFIA,"C 46","Casas, Fray Bartolomé de las"
BIOGRAFIA,"C 47","Caso, Antonio"
BIOGRAFIA,"C 48","Castellanos Quinto, Erasmo"
BIOGRAFIA,"C 49","Castellanos, Rosario"
BIOGRAFIA,"C 50","Castillejo, Cristóbal de"
BIOGRAFIA,"C 51","Castillo de Chapultepec"
BIOGRAFIA,"C 52","Castro, Ricardo"
BIOGRAFIA,"C 53","Castro Ruz, Fidel"
BIOGRAFIA,"C 54","Catalina de Aragón"
BIOGRAFIA,"C 55","Catalina II ""La Grande"""
BIOGRAFIA,"C 56","Catón, Marco Porcio"
BIOGRAFIA,"C 57","Catulo, Cayo Valerio"
BIOGRAFIA,"C 58","Cauchy, Augustin Louis"
BIOGRAFIA,"C 59","Cavendish, Henry"
BIOGRAFIA,"C 60","Cela, Camilo José"
BIOGRAFIA,"C 61","Celsius, Anders"
BIOGRAFIA,"C 62","Cellini, Benvenuto"
BIOGRAFIA,"C 63","Centéotl (Cintéotl)"
BIOGRAFIA,"C 64","Cernuda, Luis"
BIOGRAFIA,"C 65","Cervantes Saavedra, Miguel de"
BIOGRAFIA,"C 66","César, Augusto Octavio"
BIOGRAFIA,"C 67","César, Julio"
BIOGRAFIA,"C 68","Cetina, Gutierre de"
BIOGRAFIA,"C 69","Cezanne, Paul"
BIOGRAFIA,"C 70","Cicerón, Marco Tulio"
BIOGRAFIA,"C 71","Ciro El Grande"
BIOGRAFIA,"C 72","Clausius, Rudolf Emanuel"
BIOGRAFIA,"C 73","Carranza Garza, Jesús"
BIOGRAFIA,"C 74","Carriera, Rosalba"
BIOGRAFIA,"C 75","Carrington, Leonora"
BIOGRAFIA,"C 76","Castañeda, Estefanía"
BIOGRAFIA,"C 77","Clavé, Pelegrín"
BIOGRAFIA,"C 78","Clavijero, Francisco Javier"
BIOGRAFIA,"C 79","Clemenceau, Georges"
BIOGRAFIA,"C 80","Cleopatra"
BIOGRAFIA,"C 81","Clístenes de Atenas"
BIOGRAFIA,"C 82","Clouet, Francisco (François)"
BIOGRAFIA,"C 83","Codina, Genaro"
BIOGRAFIA,"C 84","Colbert, Jean Baptiste"
BIOGRAFIA,"C 85","Coleridge, Samuel Taylor"
BIOGRAFIA,"C 86","Colón, Cristóbal"
BIOGRAFIA,"C 87","Colosio Murrieta, Luis Donaldo"
BIOGRAFIA,"C 88","Collins, Michael"
BIOGRAFIA,"C 89","Comonfort, Ignacio"
BIOGRAFIA,"C 90","Compton, Arthur Holly"
BIOGRAFIA,"C 91","Comte, Auguste"
BIOGRAFIA,"C 92","Confucio"
BIOGRAFIA,"C 93","Conrad, Joseph"
BIOGRAFIA,"C 94","Constantino I ""El Grande"""
BIOGRAFIA,"C 95","Contreras, Jesús Fructuoso"
BIOGRAFIA,"C 96","Contreras, Manuel Maria"
BIOGRAFIA,"C 97","Cook, James"
BIOGRAFIA,"C 98","Copérnico, Nicolás"
BIOGRAFIA,"C 99","Cordero, Juan"
BIOGRAFIA,"C 100","Corneille, Pierre"
BIOGRAFIA,"C 101","Corona, Ramón"
BIOGRAFIA,"C 102","Corro, José Justo"
BIOGRAFIA,"C 103","Cortázar, Julio"
BIOGRAFIA,"C 104","Cortés, Hernán"
BIOGRAFIA,"C 105","Corzo, Ángel Albino"
BIOGRAFIA,"C 106","Cosa, Juan de la"
BIOGRAFIA,"C 107","Coulomb, Charles Augustin"
BIOGRAFIA,"C 108","Courbet, Gustave"
BIOGRAFIA,"C 109","Cousteau, Jacques Yves"
BIOGRAFIA,"C 110","Crick, Francis Harry Compton"
BIOGRAFIA,"C 111","Crisólogo, Mármol José Pedro"
BIOGRAFIA,"C 112","Cromwell, Oliverio"
BIOGRAFIA,"C 113","Crookes, Sir William"
BIOGRAFIA,"C 114","Cruz, Juan de la"
BIOGRAFIA,"C 115","Cruz, Sor Juana Inés de la"
BIOGRAFIA,"C 116","Cuauhtémoc"
BIOGRAFIA,"C 117","Cuauhtémoc, Tormento de"
BIOGRAFIA,"C 118","Cuéllar, José Tomás de"
BIOGRAFIA,"C 119","Cueva, Juan de la"
BIOGRAFIA,"C 120","Cuitláhuac"
BIOGRAFIA,"C 121","Curie, María"
BIOGRAFIA,"C 122","Curie, Pedro"
BIOGRAFIA,"C 123","Cuvier, Georges"
BIOGRAFIA,"CH 1","Chadwick, James"
BIOGRAFIA,"CH 2","Chiang Kai Shek"
BIOGRAFIA,"CH 3","Chateaubriand, Francois Rene"
BIOGRAFIA,"CH 4","Chávez, Carlos"
BIOGRAFIA,"CH 5","Chávez, Ignacio"
BIOGRAFIA,"CH 6","Chéjov, Antón Pávlovich"
BIOGRAFIA,"CH 7","Chimalpopoca"
BIOGRAFIA,"CH 8","Chopín, Federico"
BIOGRAFIA,"CH 9","Chumacero, Alí"
BIOGRAFIA,"CH 10","Churchill, Winston"
BIOGRAFIA,"D 1","Daguerre, Louis Jacob Mandé"
BIOGRAFIA,"D 2","Daimler, Gottlieb"
BIOGRAFIA,"D 3","D'alembert, Jean Le Rond"
BIOGRAFIA,"D 4","Dalí, Salvador"
BIOGRAFIA,"D 5","Dalton, John"
BIOGRAFIA,"D 6","Dante, Alighieri"
BIOGRAFIA,"D 7","Danton, J. Jacob"
BIOGRAFIA,"D 8","Darío, Rubén"
BIOGRAFIA,"D 9","Darío I"
BIOGRAFIA,"D 10","Darwin, Carlos"
BIOGRAFIA,"D 11","Daumier Honore"
BIOGRAFIA,"D 12","Davy, Sir Humphry"
BIOGRAFIA,"D 13","Debye, Petrus Josephus Wilhelmus"
BIOGRAFIA,"D 14","Debussy, Claudio"
BIOGRAFIA,"D 15","Defoe, Daniel"
BIOGRAFIA,"D 16","Degas, Edgar"
BIOGRAFIA,"D 17","Degollado, Santos"
BIOGRAFIA,"D 18","Delacroix, Ferdinand Victor"
BIOGRAFIA,"D 19","Delgado, Rafael"
BIOGRAFIA,"D 20","Demóstenes"
BIOGRAFIA,"D 21","Demócrito"
BIOGRAFIA,"D 22","Descartes, René"
BIOGRAFIA,"D 23","Dewar, Sir James"
BIOGRAFIA,"D 24","Díaz, Bartolomé"
BIOGRAFIA,"D 25","Díaz de la Vega, Rómulo"
BIOGRAFIA,"D 26","Díaz de Vivar, Rodrigo (El Cid)"
BIOGRAFIA,"D 27","Díaz del Castillo, Bernal"
BIOGRAFIA,"D 28","Díaz Mirón, Salvador"
BIOGRAFIA,"D 29","Díaz Ordaz, Gustavo"
BIOGRAFIA,"D 30","Díaz, Porfirio"
BIOGRAFIA,"D 31","Díaz, Porfirio"
BIOGRAFIA,"D 32","Díaz Solís, Juan"
BIOGRAFIA,"D 33","Diderot, Denis"
BIOGRAFIA,"D 34","Diéguez, Manuel Macario"
BIOGRAFIA,"D 35","Diesel, Rudolf"
BIOGRAFIA,"D 36","Dickens, Charles"
BIOGRAFIA,"D 37","Diofante (Diofanto de Alejandría)"
BIOGRAFIA,"D 38","Diógenes"
BIOGRAFIA,"D 39","Dirac, Paul Adrien Maurice"
BIOGRAFIA,"D 40","Disney, Walt"
BIOGRAFIA,"D 41","Doblado, Manuel"
BIOGRAFIA,"D 42","Dobzhansky, Theodosius"
BIOGRAFIA,"D 43","Domínguez, Belisario"
BIOGRAFIA,"D 44","Domínguez, Miguel"
BIOGRAFIA,"D 45","Donatello"
BIOGRAFIA,"D 46","Dondé, Preciat Rafael"
BIOGRAFIA,"D 47","Donizetti, Gaetano"
BIOGRAFIA,"D 48","Dostoievski, Fiódor Mijáilovich (Dostoyevski)"
BIOGRAFIA,"D 49","Drake, Francis"
BIOGRAFIA,"D 50","Dryden, John"
BIOGRAFIA,"D 51","Dumas, Alejandro (Hijo)"
BIOGRAFIA,"D 52","Dumas, Alejandro (Padre)"
BIOGRAFIA,"D 53","Dunant Jean, Henry"
BIOGRAFIA,"D 54","Durero, Alberto"
BIOGRAFIA,"D 55","Dvorák, Antonín"
BIOGRAFIA,"E 1","Echeverría Álvarez, Luis"
BIOGRAFIA,"E 2","Echeverría, Francisco Javier"
BIOGRAFIA,"E 3","Edison, Thomas Alba"
BIOGRAFIA,"E 4","Ehrlich, Paul"
BIOGRAFIA,"E 5","Eijkman, Christian (Christiaan)"
BIOGRAFIA,"E 6","Einstein, Alberto"
BIOGRAFIA,"E 7","Eisenhower, Dwight David "
BIOGRAFIA,"E 8","Elcano, Juan Sebastián"
BIOGRAFIA,"E 9","Eliot, George"
BIOGRAFIA,"E 10","El Pípila"
BIOGRAFIA,"E 11","Elorduy, Medina Ernesto"
BIOGRAFIA,"E 12","Empédocles de Agrigento"
BIOGRAFIA,"E 13","Engels, Federico"
BIOGRAFIA,"E 14","Encina, Juan de la"
BIOGRAFIA,"E 15","Enrique VIII"
BIOGRAFIA,"E 16","Enrique de Portugal (El Navegante)"
BIOGRAFIA,"E 17","Epicuro"
BIOGRAFIA,"E 18","Erasístrato"
BIOGRAFIA,"E 19","Erasmo de Rotterdam"
BIOGRAFIA,"E 20","Eratóstenes"
BIOGRAFIA,"E 21","Ercilla y Zúñiga, Alonso de"
BIOGRAFIA,"E 22","Erro, Luis Enrique"
BIOGRAFIA,"E 23","Escandón y Helguera, José de"
BIOGRAFIA,"E 24","Escipión (El Africano)"
BIOGRAFIA,"E 25","Escobedo, Mariano"
BIOGRAFIA,"E 26","Escudo Nacional (del Estado de México)"
BIOGRAFIA,"E 27","Escutia, Juan"
BIOGRAFIA,"E 28","Esopo"
BIOGRAFIA,"E 29","Espronceda y Delgado, José de"
BIOGRAFIA,"E 30A","Esquilo"
BIOGRAFIA,"E 30B","Esquivel Durán, Manuel"
BIOGRAFIA,"E 31","Estandarte de Hidalgo"
BIOGRAFIA,"E 32A","Estrabón"
BIOGRAFIA,"E 32B","Estrada Félix, Genaro"
BIOGRAFIA,"E 33","Estuardo, María"
BIOGRAFIA,"E 34","Euclides de Alejandría"
BIOGRAFIA,"E 35","Eudoxo de Cnido"
BIOGRAFIA,"E 36","Euler, Leonardo"
BIOGRAFIA,"E 37","Eurípides"
BIOGRAFIA,"E 38","Eustachio, Bartolomeo"
BIOGRAFIA,"E 39","Eyck, Jan Van"
BIOGRAFIA,"F 1","Fabela, Isidro"
BIOGRAFIA,"F 2","Fabre, Jean Henri"
BIOGRAFIA,"F 3","Falopio, Gabriel"
BIOGRAFIA,"F 4","Falla, Manuel de"
BIOGRAFIA,"F 5","Faraday, Michael"
BIOGRAFIA,"F 6","Fahrenheit, Daniel Gabriel"
BIOGRAFIA,"F 7","Faulkner, William"
BIOGRAFIA,"F 8","Fauré, Gabriel"
BIOGRAFIA,"F 9","Felipe II"
BIOGRAFIA,"F 10","Fermat, Pierre de"
BIOGRAFIA,"F 11","Fermi, Enrico"
BIOGRAFIA,"F 12","Fernández de Lizardi, José"
BIOGRAFIA,"F 13","Fernández de Moratín, Leandro"
BIOGRAFIA,"F 14","Fernando V (El Católico)"
BIOGRAFIA,"F 15","Fernando VII"
BIOGRAFIA,"F 16","Fidias"
BIOGRAFIA,"F 17","Filipo II de Macedonia"
BIOGRAFIA,"F 18","Finlay, Juan Carlos"
BIOGRAFIA,"F 19","Flaubert, Gustave"
BIOGRAFIA,"F 20","Fleming, Alejandro"
BIOGRAFIA,"F 21","Flores Magón, Jesús"
BIOGRAFIA,"F 22","Flores Magón, Ricardo"
BIOGRAFIA,"F 23","Flores, Manuel Maria"
BIOGRAFIA,"F 24","Foch, Fernando"
BIOGRAFIA,"F 25","Fokker, Anthony Herman Gerard"
BIOGRAFIA,"F 26","Ford, Henry"
BIOGRAFIA,"F 27","Forey, Elías Federico"
BIOGRAFIA,"F 28","Foucault, León"
BIOGRAFIA,"F 29","Foucault, Michael"
BIOGRAFIA,"F 30","Fourier, Charles"
BIOGRAFIA,"F 31","Fourier, Joseph"
BIOGRAFIA,"F 32","Fox Quesada, Vicente"
BIOGRAFIA,"F 33","Fra Angelico"
BIOGRAFIA,"F 34","Frank, César"
BIOGRAFIA,"F 35","France, Anatole"
BIOGRAFIA,"F 36","Franco, Francisco"
BIOGRAFIA,"F 37","Franklin, Benjamin"
BIOGRAFIA,"F 38","Frege, Gottlob"
BIOGRAFIA,"F 39","Freud, Sigmund"
BIOGRAFIA,"F 40","Fresnel, Augustin"
BIOGRAFIA,"F 41","Freyre, Ricardo Jaimes"
BIOGRAFIA,"F 42","Fröbel, Federico"
BIOGRAFIA,"F 43","Fuentes, Carlos"
BIOGRAFIA,"F 44","Fulton, Roberto"
BIOGRAFIA,"F 45","Fundación de México"
BIOGRAFIA,"G 1","Gabilondo Soler, Francisco ""CRI-CRI"""
BIOGRAFIA,"G 2","Gagarin, Yuri"
BIOGRAFIA,"G 3","Galeana, Hermenegildo"
BIOGRAFIA,"G 4","Galeana, Juan Pablo"
BIOGRAFIA,"G 5","Galileo Galilei"
BIOGRAFIA,"G 6","Galindo, Blas"
BIOGRAFIA,"G 7","Galois, Evaristo"
BIOGRAFIA,"G 8","Galvani, Luigi"
BIOGRAFIA,"G 9","Galeno, Claudio"
BIOGRAFIA,"G 10","Gálvez, Bernardo de"
BIOGRAFIA,"G 11","Gallegos, Rómulo"
BIOGRAFIA,"G 12","Gama, Vasco de"
BIOGRAFIA,"G 13","Gamboa, Federico"
BIOGRAFIA,"G 14","Gandhi, Indira"
BIOGRAFIA,"G 15","Gandhi, Mohandas Karamchand"
BIOGRAFIA,"G 16","Gante, Fray Pedro de"
BIOGRAFIA,"G 17","Garcés, Fray Julián"
BIOGRAFIA,"G 18","García Márquez, Gabriel"
BIOGRAFIA,"G 19","García Cubas, Antonio"
BIOGRAFIA,"G 20","García Icazbalceta, Joaquín"
BIOGRAFIA,"G 21","García, Jesús"
BIOGRAFIA,"G 22","García, Pablo"
BIOGRAFIA,"G 23","García Lorca, Federico"
BIOGRAFIA,"G 24","Garibaldi, José"
BIOGRAFIA,"G 25","Garibay Kintana, Ángel Maria"
BIOGRAFIA,"G 26","Garibay, Pedro de"
BIOGRAFIA,"G 27","Garro, Elena"
BIOGRAFIA,"G 28","Gassendi, Pierre"
BIOGRAFIA,"G 29","Gaudí, Antonio"
BIOGRAFIA,"G 30","Gauguin, Paul"
BIOGRAFIA,"G 31","Gaulle, Charles de"
BIOGRAFIA,"G 32","Gauss, Karl Friedrich"
BIOGRAFIA,"G 33","Gautier, Théophile"
BIOGRAFIA,"G 34","Gaylord, Simpson George"
BIOGRAFIA,"G 35","Gay Lussac, Joseph Louis"
BIOGRAFIA,"G 36","Géricault, Théodore"
BIOGRAFIA,"G 37","Gengis Kan"
BIOGRAFIA,"G 38","Gibbs, Josiah Willard"
BIOGRAFIA,"G 39","Gilbert, William"
BIOGRAFIA,"G 40","Glauber, Johann Rudolph"
BIOGRAFIA,"G 41","Glinka, Mijaíl Ivánovich"
BIOGRAFIA,"G 42","Gluck, Christoph Willibald"
BIOGRAFIA,"G 43","Goethe, Johann Wolfgang"
BIOGRAFIA,"G 44","Gogh, Vincent Van"
BIOGRAFIA,"G 45","Gógol, Nikolái Vasílievich"
BIOGRAFIA,"G 46","Goitia, Francisco"
BIOGRAFIA,"G 47","Golgi, Camilo"
BIOGRAFIA,"G 48","Gómez de Avellaneda, Gertrudis"
BIOGRAFIA,"G 49","Gómez Morin, Manuel"
BIOGRAFIA,"G 50","Gómez Palacio, Francisco"
BIOGRAFIA,"G 51","Gómez Pompa, Arturo"
BIOGRAFIA,"G 52","Gomez Farías, Valentín"
BIOGRAFIA,"G 53","Gómez Pedraza, Manuel"
BIOGRAFIA,"G 54","Góngora y Argote, Luis de"
BIOGRAFIA,"G 55","González, Abraham"
BIOGRAFIA,"G 56","González Bocanegra, Francisco"
BIOGRAFIA,"G 57","González Camarena, Guillermo"
BIOGRAFIA,"G 58","González Garza, Roque"
BIOGRAFIA,"G 59","González Martínez, Enrique"
BIOGRAFIA,"G 60","González, Manuel"
BIOGRAFIA,"G 61","González Obregón, Luis"
BIOGRAFIA,"G 62","González Ortega, Jesús"
BIOGRAFIA,"G 63","González, Pablo"
BIOGRAFIA,"G 64","González Prada, Manuel"
BIOGRAFIA,"G 65","Gonxhe Bojaxhiu, Agnes (Madre Teresa de Calcuta)"
BIOGRAFIA,"G 66","Goodyear, Carlos"
BIOGRAFIA,"G 67","Gordon Byron, George"
BIOGRAFIA,"G 68","Gorbachov, Mijaíl"
BIOGRAFIA,"G 69","Gorki, Alexei Maximovich (Maksim)"
BIOGRAFIA,"G 70","Gorostiza, José"
BIOGRAFIA,"G 71","Gorostiza, Manuel Eduardo de"
BIOGRAFIA,"G 72","Goujon, Juan"
BIOGRAFIA,"G 73","Gounod, Carlos Francisco"
BIOGRAFIA,"G 74","Goya y Lucientes, Francisco"
BIOGRAFIA,"G 75","Graco, Cayo"
BIOGRAFIA,"G 76","Graham Bell, Alejandro (Alexander)"
BIOGRAFIA,"G 77","Graham, Thomas"
BIOGRAFIA,"G 78","Granados, Enrique"
BIOGRAFIA,"G 79","Greco, Doménikos Theotocopuli El (Theotokópoulos)"
BIOGRAFIA,"G 80","Greene, Graham"
BIOGRAFIA,"G 81","Grieg, Eduardo Hagerup (Edvard)"
BIOGRAFIA,"G 82","Grijalva y Cuéllar, Juan de"
BIOGRAFIA,"G 83","Grimm, Wilhelm y Jacob"
BIOGRAFIA,"G 84","Guerra, Donato"
BIOGRAFIA,"G 85","Guerraro, Vicente (Guerrero)-Todo"
BIOGRAFIA,"G 86","Guevara, Ernesto ""Che"""
BIOGRAFIA,"G 87","Guillén, Jorge"
BIOGRAFIA,"G 88","Guillén, Nicolás"
BIOGRAFIA,"G 89","Guillermo I ""El Conquistador"""
BIOGRAFIA,"G 90","Guillermo II"
BIOGRAFIA,"G 91","Gutenberg, Juan (Johannes)"
BIOGRAFIA,"G 92","Gutiérrez, Eulalio"
BIOGRAFIA,"G 93","Gutiérrez Nájera, Manuel"
BIOGRAFIA,"G 94","Gutiérrez Zamora, Manuel"
BIOGRAFIA,"G 95","Guzmán Martín, Luis"
BIOGRAFIA,"H 1","Haber, Fritz"
BIOGRAFIA,"H 2","Haeckel, Ernst Heinrich"
BIOGRAFIA,"H 3","Haendel, Federico (Händel)"
BIOGRAFIA,"H 4","Hahn, Otto"
BIOGRAFIA,"H 5","Haldane, John Burdon Sanderson"
BIOGRAFIA,"H 6","Hales, Stephen"
BIOGRAFIA,"H 7","Halley, Edmund"
BIOGRAFIA,"H 8","Hamurabi (Hammurabi)"
BIOGRAFIA,"H 9","Harvey, William"
BIOGRAFIA,"H 10","Harrison, John"
BIOGRAFIA,"H 11","Hawthorne, Nathaniel"
BIOGRAFIA,"H 12","Haydn, Francisco José"
BIOGRAFIA,"H 13","Hebbel, Friedrich"
BIOGRAFIA,"H 14","Hegel, Georg Wilhelm Friedrich"
BIOGRAFIA,"H 15","Heidegger, Martín"
BIOGRAFIA,"H 16","Heine, Heinrich"
BIOGRAFIA,"H 17","Helmholtz, Hermann Ludwig"
BIOGRAFIA,"H 18","Hemingway, Ernest"
BIOGRAFIA,"H 19","Henestrosa, Andrés"
BIOGRAFIA,"H 20","Heráclito"
BIOGRAFIA,"H 21","Herández de Cordoba Francisco"
BIOGRAFIA,"H 22","Heródoto"
BIOGRAFIA,"H 23","Herón de Alejandría"
BIOGRAFIA,"H 24","Herrán, Saturnino"
BIOGRAFIA,"H 25","Herrera, Fernando de"
BIOGRAFIA,"H 26","Herrera, José Joaquín"
BIOGRAFIA,"H 27","Herrera, Luis Alfonso"
BIOGRAFIA,"H 28","Herrera, Maclovio"
BIOGRAFIA,"H 29","Herrera y Reissig, Julio"
BIOGRAFIA,"H 30","Herschel, William"
BIOGRAFIA,"H 31","Hertz, Heinrich"
BIOGRAFIA,"H 32","Hesíodo"
BIOGRAFIA,"H 33","Hesse, Hermann"
BIOGRAFIA,"H 34","Hidalgo y Costilla, Miguel"
BIOGRAFIA,"H 35","Hidalgo (Casa de)"
BIOGRAFIA,"H 36","Hidalgo (Fusilamiento)"
BIOGRAFIA,"H 37","Hidalgo (Grito)"
BIOGRAFIA,"H 38","Hilbert, David"
BIOGRAFIA,"H 39","Hindenburg, Paul Von"
BIOGRAFIA,"H 40","Hiparco de Nicea"
BIOGRAFIA,"H 41","Hipócrates"
BIOGRAFIA,"H 42","Hirohito"
BIOGRAFIA,"H 43","Hitler, Adolfo"
BIOGRAFIA,"H 44","Hobbes, Thomas"
BIOGRAFIA,"H 45","Holbein, Juan"
BIOGRAFIA,"H 46","Hollerith, Herman"
BIOGRAFIA,"H 47","Homero"
BIOGRAFIA,"H 48","Honegger, Arthur"
BIOGRAFIA,"H 49","Horacio"
BIOGRAFIA,"H 50","Hooke, Roberto"
BIOGRAFIA,"H 51","Hubble, Edwin Powell"
BIOGRAFIA,"H 52","Huerta, Adolfo de la"
BIOGRAFIA,"H 53","Huerta, Victoriano"
BIOGRAFIA,"H 54","Hugo, Victor"
BIOGRAFIA,"H 55","Huitzilíhuitl"
BIOGRAFIA,"H 56","Huitzilopochtli"
BIOGRAFIA,"H 57","Humboldt, Alejandro"
BIOGRAFIA,"H 58","Hume, David"
BIOGRAFIA,"H 59","Hunt Morgan, Thomas"
BIOGRAFIA,"H 60","Hunter, John"
BIOGRAFIA,"H 61","Huxley, Aldoux Leonard (Aldous)"
BIOGRAFIA,"H 62","Huxley, Thomas Henry"
BIOGRAFIA,"H 63","Huygens, Christian"
BIOGRAFIA,"I 1","Ibarbourou, Juana de"
BIOGRAFIA,"I 2","Ibargüengoitia, Jorge"
BIOGRAFIA,"I 3","Ibarra, Francisco de"
BIOGRAFIA,"I 4","Ibsen, Henrik"
BIOGRAFIA,"I 5","Iglesias, José Maria"
BIOGRAFIA,"I 6","Inclán, Luis Goicoechea"
BIOGRAFIA,"I 7","Iriarte, Tomás de"
BIOGRAFIA,"I 8","Isaacs, Jorge"
BIOGRAFIA,"I 9","Isabel la Católica"
BIOGRAFIA,"I 10","Isabel II"
BIOGRAFIA,"I 11","Isabel I de Inglaterra"
BIOGRAFIA,"I 12","Isócrates"
BIOGRAFIA,"I 13","Iturbide, Agustin de"
BIOGRAFIA,"I 14","Iturrigaray, José de"
BIOGRAFIA,"I 15","Itzcóatl"
BIOGRAFIA,"I 16","Iván ""El Terrible"""
BIOGRAFIA,"J 1","Jacobo I"
BIOGRAFIA,"J 2","Jacquard, Joseph Marie"
BIOGRAFIA,"J 3","Jeans, James Hopwood"
BIOGRAFIA,"J 4","Jefferson, Tomás"
BIOGRAFIA,"J 5","Jenkins, William"
BIOGRAFIA,"J 6","Jenner, Eduardo"
BIOGRAFIA,"J 7","Jenofonte"
BIOGRAFIA,"J 8","Jesucristo"
BIOGRAFIA,"J 9","Jiménez, José Mariano"
BIOGRAFIA,"J 10","Jiménez, Juan Ramón"
BIOGRAFIA,"J 11","Jiménez Rueda, Julio"
BIOGRAFIA,"J 12","Joffre, José Jaime (Joseph)"
BIOGRAFIA,"J 13","Joule, James Prescott"
BIOGRAFIA,"J 14","Joyce, James"
BIOGRAFIA,"J 15","Juan Pablo II"
BIOGRAFIA,"J 16","Juana la Loca"
BIOGRAFIA,"J 17","Juárez, Benito"
BIOGRAFIA,"J 18","Justiniano I"
BIOGRAFIA,"K 1","Kafka, Franz"
BIOGRAFIA,"K 2","Kant, Emmanuel"
BIOGRAFIA,"K 3","Kekulé, August"
BIOGRAFIA,"K 4","Kelvin Thomson, William"
BIOGRAFIA,"K 5","Keller, Helen A."
BIOGRAFIA,"K 6","Kendall, Eduardo Calvin"
BIOGRAFIA,"K 7","Kennedy, John F"
BIOGRAFIA,"K 8","Kepler, Johannes"
BIOGRAFIA,"K 9","Kérenski, Alexander"
BIOGRAFIA,"K 10","Kahlo Calderón, Frida"
BIOGRAFIA,"K 11","Kierkegaard, Soren (Søren)"
BIOGRAFIA,"K 12","Kino, Eusebio"
BIOGRAFIA,"K 13","Kipling, Rudyard"
BIOGRAFIA,"K 14","Kirchhoff, Gustav Robert"
BIOGRAFIA,"K 15","Kitasato, Shibasaburō"
BIOGRAFIA,"K 16","Koch, Roberto"
BIOGRAFIA,"K 17","Kosiguin, Alexei (Kosyguin Alekséi)"
BIOGRAFIA,"K 18","Krebs, Sir Hans Adolf"
BIOGRAFIA,"K 19","Kruchev, Nikita (Jrushchov)"
BIOGRAFIA,"L 1","Lafayette, Marqués de"
BIOGRAFIA,"L 2","Lafontaine, Jean de (La Fontaine)"
BIOGRAFIA,"L 3","Lafragua, José Maria"
BIOGRAFIA,"L 4","Lagos Cházaro, Francisco"
BIOGRAFIA,"L 5","Lagrange, Joseph Louis"
BIOGRAFIA,"L 6","Lamartine, Alfonso de"
BIOGRAFIA,"L 7","Lamarck, Jean Baptiste Pierre Antoine de Monet (Caballero de Lamarck)"
BIOGRAFIA,"L 8","Landesio, Eugenio"
BIOGRAFIA,"L 9","Langdon Down, John"
BIOGRAFIA,"L 10","Langerhans, Paul"
BIOGRAFIA,"L 11","Langmuir, Irving"
BIOGRAFIA,"L 12","Lao Tse (Tzu/Zi/Laocio)"
BIOGRAFIA,"L 13","Laplace, Pierre Simon"
BIOGRAFIA,"L 14","Lara, Agustín"
BIOGRAFIA,"L 15","Larra, Mariano José de"
BIOGRAFIA,"L 16","Lascurain, Pedro"
BIOGRAFIA,"L 17","Lassalle, Ferdinand"
BIOGRAFIA,"L 18","Laveran, Alfonso"
BIOGRAFIA,"L 19","Lavista, Rafael"
BIOGRAFIA,"L 20","Lavosier, Antonio Lorenzo (Lavoisier)"
BIOGRAFIA,"L 21","Lawrence, David Herbert"
BIOGRAFIA,"L 22","Lawrence, Ernest Orlando"
BIOGRAFIA,"L 23","Leblanc, Nicolas"
BIOGRAFIA,"L 24","Leclerc, Georges (Conde de Buffon)"
BIOGRAFIA,"L 25","Lehár, Franz"
BIOGRAFIA,"L 26","Leibniz, Gottfried Wilhelm (Godofredo)"
BIOGRAFIA,"L 27","Lejeune, Jérôme Jean Lois Marie"
BIOGRAFIA,"L 28","Lenis, Nicolás"
BIOGRAFIA,"L 29","León, Antonio de"
BIOGRAFIA,"L 30","León de la Barra, Francisco"
BIOGRAFIA,"L 31","León Felipe"
BIOGRAFIA,"L 32","León, Fray Luis de"
BIOGRAFIA,"L 33","León Portilla, Miguel"
BIOGRAFIA,"L 34","León y Gama, Antonio"
BIOGRAFIA,"L 35","Leónidas"
BIOGRAFIA,"L 36","Leoncavallo, Ruggero"
BIOGRAFIA,"L 37","Leeuwenhoek, Antonio Van"
BIOGRAFIA,"L 38","Leopardi, Giacomo"
BIOGRAFIA,"L 39","Lerdo de Tejada, Miguel (Político, Leyes de reforma)"
BIOGRAFIA,"L 40","Lerdo de Tejada, Miguel (Compositor)"
BIOGRAFIA,"L 41","Lerdo de Tejada, Sebastián (Presidente interino de México)"
BIOGRAFIA,"L 42","Lescot, Pierre"
BIOGRAFIA,"L 43","Lesseps, Ferdinand Marie"
BIOGRAFIA,"L 44","Leucipo de Mileto"
BIOGRAFIA,"L 45","Leyva, Francisco"
BIOGRAFIA,"L 46","Leyva, Gabriel"
BIOGRAFIA,"L 47","Liceaga, Eduardo"
BIOGRAFIA,"L 48","Licurgo"
BIOGRAFIA,"L 49","Liebig, Justus Von"
BIOGRAFIA,"L 50","Lincoln, Abraham"
BIOGRAFIA,"L 51","Lindbergh, Charles Augustus"
BIOGRAFIA,"L 52","Linneo, Carl Von"
BIOGRAFIA,"L 53","Liszt, Franz"
BIOGRAFIA,"L 54","Lister, Joseph"
BIOGRAFIA,"L 55","Livingstone, David"
BIOGRAFIA,"L 56","Llave, Ignacio de la"
BIOGRAFIA,"L 57","Lobachevski, Nikolái Ivánovich"
BIOGRAFIA,"L 58","Locke, John"
BIOGRAFIA,"L 59","Lombardini, Manuel María"
BIOGRAFIA,"L 60","Lombardo Toledano, Vicente"
BIOGRAFIA,"L 61","Lope de Vega, Félix"
BIOGRAFIA,"L 62","López Alavés, José"
BIOGRAFIA,"L 63","López Cotilla, Manuel"
BIOGRAFIA,"L 64","López de Santa Anna, Antonio"
BIOGRAFIA,"L 65A","López Mateos, Adolfo"
BIOGRAFIA,"L 65B","López Obrador"
BIOGRAFIA,"L 66","López Méndez, Ricardo"
BIOGRAFIA,"L 67","López Portillo, José"
BIOGRAFIA,"L 68","López Rayón, Ignacio"
BIOGRAFIA,"L 69","López Velarde, Ramón"
BIOGRAFIA,"L 70","López Portillo y Rojas, José"
BIOGRAFIA,"L 71","Lorentz, Hendrick Antoon (Hendrik)"
BIOGRAFIA,"L 72","Lorenz, Conrad"
BIOGRAFIA,"L 73","Loyola, San Ignacio de"
BIOGRAFIA,"L 74","Lucas, Juan Francisco"
BIOGRAFIA,"L 75","Lucio Nájera, Rafael"
BIOGRAFIA,"L 76","Ludendorff, Erich"
BIOGRAFIA,"L 77","Lugones, Leopoldo"
BIOGRAFIA,"L 78","Luis XIII"
BIOGRAFIA,"L 79","Luis XIV"
BIOGRAFIA,"L 80","Luis XV"
BIOGRAFIA,"L 81","Luis XVI"
BIOGRAFIA,"L 82","Lumiere, Louis"
BIOGRAFIA,"L 83","Luther King, Martín"
BIOGRAFIA,"L 84","Lutero, Martín"
BIOGRAFIA,"M 1","MacArthur, Douglas"
BIOGRAFIA,"M 2","Baca Calderón, Esteban"
BIOGRAFIA,"M 3","Machado, Manuel"
BIOGRAFIA,"M 4","Madero, Francisco Ignacio"
BIOGRAFIA,"M 5","Madero, Gustavo Adolfo"
BIOGRAFIA,"M 6","Madre Teresa de Calcuta (Gonxhe Bojaxhiu, Agnes)"
BIOGRAFIA,"M 7","Madrid Hurtado Miguel de la"
BIOGRAFIA,"M 8","Magallanes, Hernando de"
BIOGRAFIA,"M 9","Magno, Alejandro"
BIOGRAFIA,"M 10","Mahler, Gustav"
BIOGRAFIA,"M 11","Mahoma"
BIOGRAFIA,"M 12","Malintzin (La Malinche)"
BIOGRAFIA,"M 13","Mallarmé, Stéphane"
BIOGRAFIA,"M 14","Malpighi, Marcelo"
BIOGRAFIA,"M 15","Malraux, André"
BIOGRAFIA,"M 16","Malthus, Thomas Robert"
BIOGRAFIA,"M 17","Manco Cápac II (Inga/Inca)"
BIOGRAFIA,"M 18","Mancera, Gabriel"
BIOGRAFIA,"M 19","Mandela, Nelson"
BIOGRAFIA,"M 20","Manet, Eduardo"
BIOGRAFIA,"M 21","Manzoni, Alessandro"
BIOGRAFIA,"M 22","Mann, Thomas"
BIOGRAFIA,"M 23","Mao Tse-Tung (Zedong)"
BIOGRAFIA,"M 24","Maquiavelo, Nicolás (Machiavelli)"
BIOGRAFIA,"M 25","Marat, Jean Paul"
BIOGRAFIA,"M 26","Marco Antonio"
BIOGRAFIA,"M 27","Marco Aurelio"
BIOGRAFIA,"M 28","Marco Polo"
BIOGRAFIA,"M 29","Marconi, Guillermo"
BIOGRAFIA,"M 30","Marggraf, Andres Segismundo"
BIOGRAFIA,"M 31","María Antonieta"
BIOGRAFIA,"M 32","Mariotte, Edme"
BIOGRAFIA,"M 33","Mariscal, Ignacio"
BIOGRAFIA,"M 34","Márquez, Francisco"
BIOGRAFIA,"M 35","Márquez, Leonardo"
BIOGRAFIA,"M 36","Marshall, George"
BIOGRAFIA,"M 37","Martel, Carlos"
BIOGRAFIA,"M 38","Martí, José"
BIOGRAFIA,"M 39","Martínez, Abundio"
BIOGRAFIA,"M 40","Martínez, Miguel Filomeno"
BIOGRAFIA,"M 41","Martínez Ruiz, José Azorín"
BIOGRAFIA,"M 42","Martínez de la Torre, Rafael"
BIOGRAFIA,"M 43","Marx, Carlos"
BIOGRAFIA,"M 44","Mascagni, Pedro"
BIOGRAFIA,"M 45","Massieu, Wilfrido"
BIOGRAFIA,"M 46","Mata, Filomeno"
BIOGRAFIA,"M 47","Mata, José María"
BIOGRAFIA,"M 48","Matamoros, Mariano"
BIOGRAFIA,"M 49","Mateos, Juan Antonio"
BIOGRAFIA,"M 50","Matisse, Henri"
BIOGRAFIA,"M 51","Maupassant, Guy de"
BIOGRAFIA,"M 52","Maximiliano, Fernando José María de Habsburgo-Lorena"
BIOGRAFIA,"M 53","Maxwell, James Clerck (Clerk)"
BIOGRAFIA,"M 54","Mayer, Julius"
BIOGRAFIA,"M 55","Mayr, Ernst"
BIOGRAFIA,"M 56","Maza de Juárez, Margarita"
BIOGRAFIA,"M 57","Mazarino, Julio"
BIOGRAFIA,"M 58","Mc Clintock, Bárbara (McClintock)"
BIOGRAFIA,"M 59","Mecenas, Cayo"
BIOGRAFIA,"M 60","Medici, Catalina de"
BIOGRAFIA,"M 61","Médici, Lorenzo de"
BIOGRAFIA,"M 62","Meitner, Lize (Lise)"
BIOGRAFIA,"M 63","Mejía, Ignacio"
BIOGRAFIA,"M 64","Mejía, Tomás"
BIOGRAFIA,"M 65","Melgar, Agustín"
BIOGRAFIA,"M 66","Menandro"
BIOGRAFIA,"M 67","Menchú, Rigoberta"
BIOGRAFIA,"M 68","Mendelev, Dimitri Ivánovich (Mendeléyev)"
BIOGRAFIA,"M 69","Mendelssohn, Félix"
BIOGRAFIA,"M 70","Mendel, Gregor Johann"
BIOGRAFIA,"M 71","Méndez Magaña, Gregorio"
BIOGRAFIA,"M 72","Méndez, Juan Nepomuceno"
BIOGRAFIA,"M 73","Méndez Ortiz, Pedro José"
BIOGRAFIA,"M 74","Mendoza, Antonio de"
BIOGRAFIA,"M 75","Mendoza, Narciso"
BIOGRAFIA,"M 76","Mercator, Gerhard (Gerardus)"
BIOGRAFIA,"M 77","Meyerbeer, Jacob Beer"
BIOGRAFIA,"M 78","Michelena, José Mariano de"
BIOGRAFIA,"M 79","Michelson, Alberto Abraham"
BIOGRAFIA,"M 80","Miller, Henry"
BIOGRAFIA,"M 81","Miller, Stanley Lloyd"
BIOGRAFIA,"M 82","Millet, Jean Francois"
BIOGRAFIA,"M 83","Milton, John"
BIOGRAFIA,"M 84","Mina, Francisco Javier"
BIOGRAFIA,"M 85","Mirabeau, Conde de"
BIOGRAFIA,"M 86","Miranda, Francisco"
BIOGRAFIA,"M 87","Miramón, Miguel"
BIOGRAFIA,"M 88","Miró, Joan"
BIOGRAFIA,"M 89","Mistral, Gabriela"
BIOGRAFIA,"M 90","Moctezuma Ilhuicamina"
BIOGRAFIA,"M 91","Moctezuma Xocoyotzin"
BIOGRAFIA,"M 92","Moisés"
BIOGRAFIA,"M 93","Moliere, Juan Bautista Poquelin (Jean-Baptiste)"
BIOGRAFIA,"M 94","Molina Enríquez, Andrés"
BIOGRAFIA,"M 95","Molina Henríquez, Mario"
BIOGRAFIA,"M 96","Moncayo, José Pablo"
BIOGRAFIA,"M 97","Monet, Claude"
BIOGRAFIA,"M 98","Monge, Gaspard"
BIOGRAFIA,"M 99","Monroe, James"
BIOGRAFIA,"M 100","Montaigne, Michael Eyquem de (Michel)"
BIOGRAFIA,"M 101A","Montalvo, Juan"
BIOGRAFIA,"M 101B","Montaño, Otilio"
BIOGRAFIA,"M 102","Montejo y León, francisco de"
BIOGRAFIA,"M 103","Montemayor, Diego"
BIOGRAFIA,"M 104","Montes de Oca, Fernando"
BIOGRAFIA,"M 105","Montesquieu, Carlos de Secondat"
BIOGRAFIA,"M 106","Montessori, María"
BIOGRAFIA,"M 107","Monteverdi, Claudio"
BIOGRAFIA,"M 108","Montgomery, Bernard Law"
BIOGRAFIA,"M 109","Montini, Giovanni Battista"
BIOGRAFIA,"M 110","Mora, José Maria Luis"
BIOGRAFIA,"M 111","Morazán, Francisco"
BIOGRAFIA,"M 112","Morelos y Pavón, José Maria"
BIOGRAFIA,"M 113","Moreno, Pedro"
BIOGRAFIA,"M 114","Morgan, Thomas Hunt"
BIOGRAFIA,"M 115","Moro, Santo Tomás"
BIOGRAFIA,"M 116","Morones, Luis Negrete"
BIOGRAFIA,"M 117","Morse, Samuel Finley Breese"
BIOGRAFIA,"M 118","Músorgski, Modest Petróvich (Mussorgsky)"
BIOGRAFIA,"M 119","Moya, José Luis"
BIOGRAFIA,"M 120","Mozart, Wolfgang Amadeus"
BIOGRAFIA,"M 121","Mujica, Francisco José (Múgica)"
BIOGRAFIA,"M 122","Muller, Hermann Joseph"
BIOGRAFIA,"M 123","Mundet, Arturo"
BIOGRAFIA,"M 124","Muñoz, Rafael Enrique"
BIOGRAFIA,"M 125","Muralla China"
BIOGRAFIA,"M 126","Murillo, Bartolomé Esteban"
BIOGRAFIA,"M 127","Murillo, Gerardo ""Dr. Alt"""
BIOGRAFIA,"M 128","Musset, Alfredo de"
BIOGRAFIA,"M 129","Mussolini, Benito"
BIOGRAFIA,"M 130","Múzquiz, Melchor"
BIOGRAFIA,"N 1","Nabucodonosor II"
BIOGRAFIA,"N 2","Napier, John"
BIOGRAFIA,"N 3","Napoleón III"
BIOGRAFIA,"N 4","Narváez, Pánfilo de"
BIOGRAFIA,"N 5","Natera, Pánfilo"
BIOGRAFIA,"N 6","Nebrija, Elio Antonio de"
BIOGRAFIA,"N 7","Needham, Joseph"
BIOGRAFIA,"N 8","Negrete, Miguel"
BIOGRAFIA,"N 9","Nehru, Jawāharlāl"
BIOGRAFIA,"N 10","Neigre, Charles Luis (Nègre)"
BIOGRAFIA,"N 11","Nelson, Horacio"
BIOGRAFIA,"N 12","Neri, Vela Rodolfo"
BIOGRAFIA,"N 13","Nernst, Walther"
BIOGRAFIA,"N 14","Nerón"
BIOGRAFIA,"N 15","Neruda, Pablo"
BIOGRAFIA,"N 16","Nervo, Amado"
BIOGRAFIA,"N 17","Netzahualcóyotl (Nezahualcóyotl)"
BIOGRAFIA,"N 18","Neumann, John von"
BIOGRAFIA,"N 19","Newlands, John Alexander"
BIOGRAFIA,"N 20","Newton, Isaac"
BIOGRAFIA,"N 21","Nicolás II"
BIOGRAFIA,"N 22","Niépce, Nicéphore Joseph"
BIOGRAFIA,"N 23","Nietzsche, Federico"
BIOGRAFIA,"N 24","Nightingale, Florencia"
BIOGRAFIA,"N 25","Niños Héroes"
BIOGRAFIA,"N 26","Nixon, Richard Milhous"
BIOGRAFIA,"N 27","Nobel, Alfredo"
BIOGRAFIA,"N 28","Nostradamus, Miguel"
BIOGRAFIA,"N 29","Novo, Salvador"
BIOGRAFIA,"N 30","Nunó, Jaime"
BIOGRAFIA,"N 31","Núñez Cabeza de Vaca, Álvar"
BIOGRAFIA,"N 32","Núñez de Balboa, Vasco"
BIOGRAFIA,"O 1","Obama, Barack"
BIOGRAFIA,"O 2","Obregón, Álvaro"
BIOGRAFIA,"O 3","Ocampo, Melchor"
BIOGRAFIA,"O 4","Ochoterena, Isaac"
BIOGRAFIA,"O 5","O'Donojú, Juan de"
BIOGRAFIA,"O 6","Oersted, Hans Christian"
BIOGRAFIA,"O 7","Offenbach, Jacques"
BIOGRAFIA,"O 8","O'Gorman, Juan"
BIOGRAFIA,"O 9","Ohm, Simon Georg"
BIOGRAFIA,"O 10","O'Higgins, Bernardo"
BIOGRAFIA,"O 11","Ojeda, Alonso de"
BIOGRAFIA,"O 12","Ojinaga Castañeda, Manuel"
BIOGRAFIA,"O 13","Olaguíbel, Francisco Modesto de"
BIOGRAFIA,"O 14","Olavarría y Ferrari, Enrique de"
BIOGRAFIA,"O 15","Olid, Cristóbal de"
BIOGRAFIA,"O 16","Oñate, Cristóbal de"
BIOGRAFIA,"O 17","Oparin, Alexander Ivánovich"
BIOGRAFIA,"O 18","Oppenheimer, Julius Robert"
BIOGRAFIA,"O 19","Ordáz, Diego de (Ordás/Ordax)"
BIOGRAFIA,"O 20","Orozco, José Clemente"
BIOGRAFIA,"O 21","Orozco, Pascual"
BIOGRAFIA,"O 22","Orozco y Berra, Manuel"
BIOGRAFIA,"O 23","Ortega y Gasset, José"
BIOGRAFIA,"O 24","Ortiz de Domínguez, Josefa"
BIOGRAFIA,"O 25","Ortiz Rubio, Pascual"
BIOGRAFIA,"O 26","Ostwald, Wilhelm"
BIOGRAFIA,"O 27","Othón, Manuel José"
BIOGRAFIA,"O 28","Otero, Mariano"
BIOGRAFIA,"O 29","Ovidio, Nasón Publio"
BIOGRAFIA,"O 30","Owen, Roberto"
BIOGRAFIA,"P 1","Pacheco, José Emilio"
BIOGRAFIA,"P 2","Paderewski, Ignaz Jan (Ignacy)"
BIOGRAFIA,"P 3","Paganini, Nicolas"
BIOGRAFIA,"P 4","Palafox y Mendoza, Juan de"
BIOGRAFIA,"P 5","Palestrina, Giovanni Pierluigi Da"
BIOGRAFIA,"P 6","Papin, Denis"
BIOGRAFIA,"P 7","Paracelso"
BIOGRAFIA,"P 8","Pare, Ambroise"
BIOGRAFIA,"P 9","Paredes Arrillaga, Mariano"
BIOGRAFIA,"P 10","Pardo Bazán, Emilia"
BIOGRAFIA,"P 11","Parkinson, James"
BIOGRAFIA,"P 12","Parménides"
BIOGRAFIA,"P 13","Parmentier, Antonio Agustin"
BIOGRAFIA,"P 14","Parra, Félix"
BIOGRAFIA,"P 15","Pascal, Blas"
BIOGRAFIA,"P 16","Paso y Troncoso, Francisco del"
BIOGRAFIA,"P 17","Pasteur, Luis"
BIOGRAFIA,"P 18","Pávlov, Iván Petróvich"
BIOGRAFIA,"P 19","Pavón, José Ignacio"
BIOGRAFIA,"P 20","Payno, Manuel"
BIOGRAFIA,"P 21","Paz, Octavio"
BIOGRAFIA,"P 22","Paz, Paredes Margarita"
BIOGRAFIA,"P 23","Pedro I (El Grande)"
BIOGRAFIA,"P 24","Pellicer, Carlos"
BIOGRAFIA,"P 25","Peón y Contras, José"
BIOGRAFIA,"P 26","Peña y Peña, Manuel de la"
BIOGRAFIA,"P 26A","Peña Nieto Enrique"
BIOGRAFIA,"P 27","Peralta, Ángela"
BIOGRAFIA,"P 28","Pereda, José María de"
BIOGRAFIA,"P 29","Pérez de Cuéllar, Javier"
BIOGRAFIA,"P 30","Pérez Galdós, Benito"
BIOGRAFIA,"P 31","Pergolesi, Giovanni Battista"
BIOGRAFIA,"P 32","Pericles"
BIOGRAFIA,"P 33","Perrault, Charles"
BIOGRAFIA,"P 34","Pesado, José Joaquín"
BIOGRAFIA,"P 35","Pesqueira, Ignacio"
BIOGRAFIA,"P 36","Pestalozzi, Juan Joaquin"
BIOGRAFIA,"P 37","Petain, Bénoni Felipe"
BIOGRAFIA,"P 38","Petrarca, Francisco"
BIOGRAFIA,"P 39","Peza, Juan de Dios"
BIOGRAFIA,"P 40","Piaget, Jean"
BIOGRAFIA,"P 41","Picasso, Pablo Ruiz"
BIOGRAFIA,"P 42","Píndaro"
BIOGRAFIA,"P 43","Pino Suárez, José Maria"
BIOGRAFIA,"P 44","Pirandello, Luigi"
BIOGRAFIA,"P 45","Pisístrato"
BIOGRAFIA,"P 46","Pissarro, Camille"
BIOGRAFIA,"P 47","Pitágoras"
BIOGRAFIA,"P 48","Pizarro, Francisco"
BIOGRAFIA,"P 49","Pico de la Mirandola, Giovanni"
BIOGRAFIA,"P 50","Planck, Max Karl Ernest Ludwig"
BIOGRAFIA,"P 51","Platón"
BIOGRAFIA,"P 52","Plinio El Viejo"
BIOGRAFIA,"P 53","Plutarco"
BIOGRAFIA,"P 54","Poe, Edgar Allan"
BIOGRAFIA,"P 55","Poincaré, Jules-Henri"
BIOGRAFIA,"P 56","Policleto"
BIOGRAFIA,"P 57","Pompeyo"
BIOGRAFIA,"P 58","Ponce, Manuel Maria"
BIOGRAFIA,"P 59","Pope, Alexander"
BIOGRAFIA,"P 60","Portes Gil, Emilio"
BIOGRAFIA,"P 61","Posada Aguilar José Guadalupe"
BIOGRAFIA,"P 62","Priestley, Joseph"
BIOGRAFIA,"P 63","Prieto, Guillermo"
BIOGRAFIA,"P 64","Prim, Juan"
BIOGRAFIA,"P 65","Primo de verdad, francisco"
BIOGRAFIA,"P 66","Protágoras"
BIOGRAFIA,"P 67","Proust, Joseph Louis"
BIOGRAFIA,"P 68","Proust, Marcel"
BIOGRAFIA,"P 69","Ptolomeo, Claudio"
BIOGRAFIA,"P 70","Puccini, Giacomo"
BIOGRAFIA,"P 71","Purcell, Henry"
BIOGRAFIA,"P 72","Puschkin, Alejandro (Pushkin)"
BIOGRAFIA,"Q 1","Quesnay, François"
BIOGRAFIA,"Q 2","Quetzalcóatl"
BIOGRAFIA,"Q 3","Quevedo, Miguel Ángel de"
BIOGRAFIA,"Q 4","Quevedo y Villegas Francisco de"
BIOGRAFIA,"Q 5","Quintana Roo, Andrés"
BIOGRAFIA,"Q 6","Quiroga, Horacio"
BIOGRAFIA,"Q 7","Quiroga, Vasco de"
BIOGRAFIA,"R 1","Rabasa, Emilio"
BIOGRAFIA,"R 2","Rabelais, Francisco"
BIOGRAFIA,"R 3","Racine, Jean Baptiste"
BIOGRAFIA,"R 4","Raleigh, Walter"
BIOGRAFIA,"R 5","Rameau, Jean Philippe"
BIOGRAFIA,"R 6","Ramírez, Ignacio"
BIOGRAFIA,"R 7","Ramón y Cajal, Santiago"
BIOGRAFIA,"R 8","Ramos Arizpe, Miguel"
BIOGRAFIA,"R 9","Ramos Millán, Gabriel"
BIOGRAFIA,"R 10","Ramsay, William"
BIOGRAFIA,"R 11","Ramsés II"
BIOGRAFIA,"R 12","Ravel, Mauricio Joseph"
BIOGRAFIA,"R 13","Ray, John"
BIOGRAFIA,"R 14","Reagan, Ronald Wilson"
BIOGRAFIA,"R 15","Rébsamen, Enrique"
BIOGRAFIA,"R 16","Reclus, Élisée"
BIOGRAFIA,"R 17","Reed, Walter"
BIOGRAFIA,"R 18","Redi, Francisco"
BIOGRAFIA,"R 19","Regules, Nicolás"
BIOGRAFIA,"R 20","Rembrandt, Harmenszoon van Rijn"
BIOGRAFIA,"R 21","Rendón, Serapio"
BIOGRAFIA,"R 22","Renoir, Pierre Auguste"
BIOGRAFIA,"R 23","Revillagigedo, 1er Conde de (Güemes y Horcasitas, Juan Francisco)"
BIOGRAFIA,"R 24","Revillagigedo 2o. Conde de Güemes Pacheco de Padilla, Juan Vicente"
BIOGRAFIA,"R 25","Revueltas, José"
BIOGRAFIA,"R 26","Revueltas, Silvestre"
BIOGRAFIA,"R 27","Reyes, Alfonso"
BIOGRAFIA,"R 28","Reyes, Antonio"
BIOGRAFIA,"R 29","Reyes, Bernardo"
BIOGRAFIA,"R 30","Reyes Heroles, Jesús"
BIOGRAFIA,"R 31","Reynolds, Joshua"
BIOGRAFIA,"R 32","Ricardo Corazón de León"
BIOGRAFIA,"R 33","Richelieu, Armando Juan"
BIOGRAFIA,"R 34","Riemann, Bernhard"
BIOGRAFIA,"R 35","Rilke, Rainer Maria (René)"
BIOGRAFIA,"R 36","Rimbaud, Arthur"
BIOGRAFIA,"R 37","Rimsky-Kórsakov, Nikolai (Nicolás Rimski)"
BIOGRAFIA,"R 38","Rio de la Loza, Leopoldo"
BIOGRAFIA,"R 39","Ritter, Carl"
BIOGRAFIA,"R 40","Riva Palacio, Vicente"
BIOGRAFIA,"R 41","Rivera, Diego"
BIOGRAFIA,"R 42","Rivera, Librado"
BIOGRAFIA,"R 43","Ron Bárcena, José Maria"
BIOGRAFIA,"R 44","Robespierre, Maximiliano"
BIOGRAFIA,"R 45","Robles Pezuela, Manuel"
BIOGRAFIA,"R 46","Rocha, Sóstenes"
BIOGRAFIA,"R 47","Rodríguez, Abelardo Luján"
BIOGRAFIA,"R 48","Rodríguez Alconedo, José Luis"
BIOGRAFIA,"R 49","Rodríguez Galván, Ignacio"
BIOGRAFIA,"R 50","Rodó, José Enrique"
BIOGRAFIA,"R 51","Roentgen, Wilhelm Conrad"
BIOGRAFIA,"R 52","Rojas, Fernando de"
BIOGRAFIA,"R 53","Rolón, José"
BIOGRAFIA,"R 54","Romero de Terreros, Pedro"
BIOGRAFIA,"R 55","Romero, Matías"
BIOGRAFIA,"R 56","Romero, Nicolás"
BIOGRAFIA,"R 57","Rommel, Erwin"
BIOGRAFIA,"R 58","Roosevelt, Franklin Delano"
BIOGRAFIA,"R 59","Rosales, Antonio"
BIOGRAFIA,"R 60","Rosas, Juventino"
BIOGRAFIA,"R 61","Rosas Moreno, José"
BIOGRAFIA,"R 62","Rosenblueth Deutsch, Emilio"
BIOGRAFIA,"R 63","Rossini, Joaquín"
BIOGRAFIA,"R 64","Rousseau, Juan Jacques"
BIOGRAFIA,"R 65","Rouvroy, Claude Henry de (Conde de Saint-Simon)"
BIOGRAFIA,"R 66","Roux, Emilio"
BIOGRAFIA,"R 67","Rovirosa Pérez, Carlos"
BIOGRAFIA,"R 68","Rubens, Pedro Pablo"
BIOGRAFIA,"R 69","Ruelas, Julio"
BIOGRAFIA,"R 70","Ruiz Cortines, Adolfo"
BIOGRAFIA,"R 71","Ruiz de Alarcón, Juan"
BIOGRAFIA,"R 72","Ruiz de Apodaca, Juan"
BIOGRAFIA,"R 73","Rulfo, Juan"
BIOGRAFIA,"R 74","Russell, Bertrand"
BIOGRAFIA,"R 75","Russell Wallace, Alfred"
BIOGRAFIA,"R 76","Rutherford, Ernest"
BIOGRAFIA,"S 1","Saavedra, Ángel ""Duque de Rivas"""
BIOGRAFIA,"S 2","Sabin, Albert"
BIOGRAFIA,"S 3","Sabines, Jaime"
BIOGRAFIA,"S 4","Sachs, Julius Von"
BIOGRAFIA,"S 5","Sadi Carnot, Marie Francois"
BIOGRAFIA,"S 6","Sáenz, Garza Moisés"
BIOGRAFIA,"S 7","Sagan, Carl"
BIOGRAFIA,"S 8","Sahagún, Fray Bernardino de"
BIOGRAFIA,"S 9","Saint-Exupéry, Antoine de"
BIOGRAFIA,"S 10","Saint-Saëns, Camilla"
BIOGRAFIA,"S 11","Sáinz de Baranda, Pedro"
BIOGRAFIA,"S 12","Sájarov, Andrei"
BIOGRAFIA,"S 13","Salas, José Mariano"
BIOGRAFIA,"S 14","Saligny, Duboise de"
BIOGRAFIA,"S 15","Salinas de Gortari, Carlos"
BIOGRAFIA,"S 16","Salomón"
BIOGRAFIA,"S 17","Salk, Jonas Edward"
BIOGRAFIA,"S 18","Salvatierra, Juan Maria, de"
BIOGRAFIA,"S 19","Samaniego, Felix María"
BIOGRAFIA,"S 20","Sánchez Azcona, Juan"
BIOGRAFIA,"S 21","Sánchez de Tagle, Francisco Manuel"
BIOGRAFIA,"S 22","Sánchez Padilla, Prisciliano"
BIOGRAFIA,"S 23","Sánchez, Rafael Platón"
BIOGRAFIA,"S 24","Sand, George"
BIOGRAFIA,"S 25","San Martín, José de"
BIOGRAFIA,"S 26","Sandi, Luis"
BIOGRAFIA,"S 27","Sandino, César Augusto"
BIOGRAFIA,"S 28","Sandoval, Gonzalo de"
BIOGRAFIA,"S 29","Santos Chocano, José"
BIOGRAFIA,"S 30","Sanzio, Rafael (Raffaello)"
BIOGRAFIA,"S 31","Sarmiento, Domingo Faustino"
BIOGRAFIA,"S 32","Sartre, Jean-Paul"
BIOGRAFIA,"S 33","Scheler, Max"
BIOGRAFIA,"S 34","Scheele, Carl Wilhelm"
BIOGRAFIA,"S 35","Schleiden, Matthias Jakob"
BIOGRAFIA,"S 36","Schiller, Friederich Von (Friedrich)"
BIOGRAFIA,"S 37","Schopenhauer, Arthur"
BIOGRAFIA,"S 38","Schrodinger, Erwin"
BIOGRAFIA,"S 39","Schubert, Francisco"
BIOGRAFIA,"S 40","Schuman, Roberto"
BIOGRAFIA,"S 41","Schwann, Theodor"
BIOGRAFIA,"S 42","Scott, Walter"
BIOGRAFIA,"S 43","Scott, Winfield"
BIOGRAFIA,"S 44","Semenov, Nicolai Nikolaevic (Nikolái Semiónov Nikoláyevich)"
BIOGRAFIA,"S 45","Séneca, Lucio Anneo"
BIOGRAFIA,"S 46","Servet, Miguel"
BIOGRAFIA,"S 47","Serdán, Aquiles"
BIOGRAFIA,"S 48","Serdán, Carmen"
BIOGRAFIA,"S 49","Serdán, Máximo"
BIOGRAFIA,"S 50","Serra, Fray Junípero"
BIOGRAFIA,"S 51","Shakespeare, William"
BIOGRAFIA,"S 52","Shaw, George Bernard"
BIOGRAFIA,"S 53","Shelley, Percy Bysshe"
BIOGRAFIA,"S 54","Sibelius, Jean"
BIOGRAFIA,"S 55","Sidar, Pablo ""El Loco"" Escobar"
BIOGRAFIA,"S 56","Sierra, Justo"
BIOGRAFIA,"S 57","Sigüenza y Góngora, Carlos de"
BIOGRAFIA,"S 58","Silva, José Asunción"
BIOGRAFIA,"S 59","Smith, Adam"
BIOGRAFIA,"S 60","Sócrates"
BIOGRAFIA,"S 61","Sófocles"
BIOGRAFIA,"S 62","Soler, Antonio"
BIOGRAFIA,"S 63","Solimán I ""El Magnífico"""
BIOGRAFIA,"S 64","Solón"
BIOGRAFIA,"S 65","Solzhenitsin, Alexander (Solzhenitsyn)"
BIOGRAFIA,"S 66","Spallanzini, Lázaro (Spallanzani)"
BIOGRAFIA,"S 67","Spencer, Herbert"
BIOGRAFIA,"S 68","Spinoza, Baruch"
BIOGRAFIA,"S 69","Spota, Luis"
BIOGRAFIA,"S 70","Stahl, Georg Ernest"
BIOGRAFIA,"S 71","Stalin, José"
BIOGRAFIA,"S 72","Stendhal, Marie Henry Beyle (Henri)"
BIOGRAFIA,"S 73","Stephenson, Jorge"
BIOGRAFIA,"S 74","Stevenson, Robert Louis"
BIOGRAFIA,"S 75","Stokes, George Gabriel"
BIOGRAFIA,"S 76","Strauss, Juan"
BIOGRAFIA,"S 77","Strauss, Richard"
BIOGRAFIA,"S 78","Stravinsky, Igor"
BIOGRAFIA,"S 79","Suárez, Vicente"
BIOGRAFIA,"S 80","Sucre, Antonio José de"
BIOGRAFIA,"S 81","Sun-Yat-Sen"
BIOGRAFIA,"T 1","Tacito, Publio Cornelio"
BIOGRAFIA,"T 2","Tagore, Rabindranath"
BIOGRAFIA,"T 3","Talamantes, Melchor de"
BIOGRAFIA,"T 4","Tales de Mileto"
BIOGRAFIA,"T 5","Tamayo, Rufino"
BIOGRAFIA,"T 6","Tasso, Torcuato (Torquato)"
BIOGRAFIA,"T 7","Taylor, Zacarias (Zachary)"
BIOGRAFIA,"T 8","Tchaikowsky, Peter Ilyich (Piotr Ilich Chaikovski)"
BIOGRAFIA,"T 9","Telemann, Georg Philipp"
BIOGRAFIA,"T 10","Temístocles"
BIOGRAFIA,"T 11","Tenoch"
BIOGRAFIA,"T 12","Teodosio I ""El Grande"""
BIOGRAFIA,"T 13","Teofrasto"
BIOGRAFIA,"T 14","Terán, Peredo Jesús"
BIOGRAFIA,"T 15","Teresa de Mier, Fray Servando"
BIOGRAFIA,"T 16","Teresa de Jesús"
BIOGRAFIA,"T 17","Tesla, Nicola"
BIOGRAFIA,"T 18","Tezcatlipoca"
BIOGRAFIA,"T 19","Tezozómoc"
BIOGRAFIA,"T 20","Thomson, Benjamín"
BIOGRAFIA,"T 21","Thomson, George Paget"
BIOGRAFIA,"T 22","Thomson, Joseph John"
BIOGRAFIA,"T 23","Tiberio, Claudio"
BIOGRAFIA,"T 24","Tijerina, Juan Bautista"
BIOGRAFIA,"T 25","Timoshenko, Simeón Konstantínovich (Semión Konstantínovich)-PENDIENTE"
BIOGRAFIA,"T 26","Tintoretto, Jacob Robusti (Jacopo)"
BIOGRAFIA,"T 27","Tirso de Molina"
BIOGRAFIA,"T 28","Tiziano"
BIOGRAFIA,"T 29","Tizoc"
BIOGRAFIA,"T 30","Tláloc"
BIOGRAFIA,"T 31","Tolomeo I Sóter (Ptolomeo)"
BIOGRAFIA,"T 32","Tolomeo, Claudio (Ptolomeo)"
BIOGRAFIA,"T 33","Tolsá, Manuel"
BIOGRAFIA,"T 34","Tolstói, León"
BIOGRAFIA,"T 35","Tomás de Aquino"
BIOGRAFIA,"T 36","Torres Bodet, Jaime"
BIOGRAFIA,"T 37","Torres, José Antonio"
BIOGRAFIA,"T 38","Torres Quintero, Gregorio"
BIOGRAFIA,"T 39","Torricelli, Evangelista"
BIOGRAFIA,"T 40","Toulouse Lautrec, Henri de"
BIOGRAFIA,"T 41","Trajano, Marco Ulpio"
BIOGRAFIA,"T 42","Tresguerras, Francisco Eduardo"
BIOGRAFIA,"T 43","Treviño, Jerónimo"
BIOGRAFIA,"T 44","Trotsky, León"
BIOGRAFIA,"T 45","Trujano, Valerio"
BIOGRAFIA,"T 46","Truman, Harry S"
BIOGRAFIA,"T 47","Tudor, María"
BIOGRAFIA,"T 48","Tucídides"
BIOGRAFIA,"T 49","Turgot, Anne Robert Jaques"
BIOGRAFIA,"T 50","Turing, Alan Mathison"
BIOGRAFIA,"T 51","Turguéniev, Iván (Turguénev)"
BIOGRAFIA,"T 52","Twain, Mark"
BIOGRAFIA,"T 53","Tyndall, John"
BIOGRAFIA,"T 54","Tzara, Tristán (Izara)"
BIOGRAFIA,"U 1","Unamuno, Miguel de"
BIOGRAFIA,"U 2","Urbina, Luis Gonzaga"
BIOGRAFIA,"U 3","Urbina, Tomás"
BIOGRAFIA,"U 4","Urey, Harold Clayton"
BIOGRAFIA,"U 5","Uribe Robles, Virgilio"
BIOGRAFIA,"U 6","Usigli, Rodolfo"
BIOGRAFIA,"U 7","Uruchurtu, Ernesto Peralta"
BIOGRAFIA,"V 1","Valdivia, Pedro de"
BIOGRAFIA,"V 2","Valencia, Fray Martín de"
BIOGRAFIA,"V 3","Valera, Juan"
BIOGRAFIA,"V 4","Vallarta, Luis Ignacio"
BIOGRAFIA,"V 5","Valle, Leandro"
BIOGRAFIA,"V 6","Valle Inclán, Ramón del"
BIOGRAFIA,"V 7","Valle Arizpe, Artemio del"
BIOGRAFIA,"V 8","Vallejo, César"
BIOGRAFIA,"V 9","Van Dyck, Antonio"
BIOGRAFIA,"V 10","Vannucci, Pedro (El Perugino) (Pietro)"
BIOGRAFIA,"V 11","Van't Hoff, Jacobus Henricus"
BIOGRAFIA,"V 12","Vargas Llosa, Mario"
BIOGRAFIA,"V 13","Varo, Remedios"
BIOGRAFIA,"V 14","Vasconcelos, José"
BIOGRAFIA,"V 15","Vasco de Gama"
BIOGRAFIA,"V 16","Vega, Garcilaso de la"
BIOGRAFIA,"V 17","Velasco, Luis de (Padre)"
BIOGRAFIA,"V 18","Velasco, Luis de (Hijo)"
BIOGRAFIA,"V 19","Velasco, José María"
BIOGRAFIA,"V 20","Velázquez de Cuéllar, Diego"
BIOGRAFIA,"V 21","Velázquez de León, Joaquín"
BIOGRAFIA,"V 22","Velázquez, Diego"
BIOGRAFIA,"V 23","Velázquez, Fidel"
BIOGRAFIA,"V 24","Vélez, Pedro"
BIOGRAFIA,"V 25","Venegas, Francisco Javier"
BIOGRAFIA,"V 26","Veracruz, Fray Alonso de la"
BIOGRAFIA,"V 27","Verdi, José"
BIOGRAFIA,"V 28","Verlaine, Paul"
BIOGRAFIA,"V 29","Verne, Julio"
BIOGRAFIA,"V 30","Veronese, Pablo (Paolo)"
BIOGRAFIA,"V 31","Vértiz, José María"
BIOGRAFIA,"V 32","Verrocchio, Andrea del"
BIOGRAFIA,"V 33","Vesalio, Andrés (Vesalius)"
BIOGRAFIA,"V 34","Vespasiano, Tito Flavio"
BIOGRAFIA,"V 35","Vespucio, Américo"
BIOGRAFIA,"V 36","Vicario, Leona"
BIOGRAFIA,"V 37","Victoria I (Primera)"
BIOGRAFIA,"V 38","Victoria, Guadalupe"
BIOGRAFIA,"V 39","Vidal, de la Blache Paul"
BIOGRAFIA,"V 40","Villa, Francisco"
BIOGRAFIA,"V 41","Villada, José Vicente"
BIOGRAFIA,"V 42","Villanueva, Felipe"
BIOGRAFIA,"V 43","Villaurrutia, Xavier"
BIOGRAFIA,"V 44","Vinci, Leonardo de"
BIOGRAFIA,"V 45","Virchow, Rudolf"
BIOGRAFIA,"V 46","Virgilio"
BIOGRAFIA,"V 47","Vivaldi, Antonio"
BIOGRAFIA,"V 48","Vives, Juan Luis"
BIOGRAFIA,"V 49","Volta, Alejandro (Alessandro)"
BIOGRAFIA,"V 50","Voltaire, Francisco"
BIOGRAFIA,"W 1","Wagner, Ricardo"
BIOGRAFIA,"W 2","Washington, Irving"
BIOGRAFIA,"W 3","Washington, George"
BIOGRAFIA,"W 4","Watson Dewey, James"
BIOGRAFIA,"W 5","Watt, James"
BIOGRAFIA,"W 6","Weber, Carl María Von"
BIOGRAFIA,"W 7","Wegener, Alfred"
BIOGRAFIA,"W 8","Wellington, Arthur Wellesley"
BIOGRAFIA,"W 9","Wells, Herbert Georges"
BIOGRAFIA,"W 10","Whitehead, Alfred North"
BIOGRAFIA,"W 11","Wiener, Alexander Solomon"
BIOGRAFIA,"W 12","Wiener, Norbert"
BIOGRAFIA,"W 13","Wilde, Oscar"
BIOGRAFIA,"W 14","Wilson, Thomas Woodrow"
BIOGRAFIA,"W 15","Wöhler, Friedrich"
BIOGRAFIA,"W 16","Wollaston, William Hyde"
BIOGRAFIA,"W 17","Woolf, Virginia"
BIOGRAFIA,"W 18","Wordsworth, William"
BIOGRAFIA,"W 19","Wright, Wilbur y Orville"
BIOGRAFIA,"W 20","Wycliffe, Juan"
BIOGRAFIA,"X 1","Xicoténcatl (Xicohténcatl)"
BIOGRAFIA,"X 2","Xicoténcatl, Felipe Santiago"
BIOGRAFIA,"X 3","Xóchitl"
BIOGRAFIA,"Y 1","Yáñez, Agustín"
BIOGRAFIA,"Y 2","Yáñez Pinzón, Vicente"
BIOGRAFIA,"Y 3","Yáñez Pinzón, Martín Alonso"
BIOGRAFIA,"Z 1","Zapata, Emiliano"
BIOGRAFIA,"Z 2","Zaragoza, Ignacio"
BIOGRAFIA,"Z 3","Zarco, Francisco"
BIOGRAFIA,"Z 4","Zola, Emilio"
BIOGRAFIA,"Z 5","Zedillo Ponce de León, Ernesto"
BIOGRAFIA,"Z 6","Zenón de Citio"
BIOGRAFIA,"Z 7","Zenón de Elea"
BIOGRAFIA,"Z 8","Zeppelin, Ferdinand Von"
BIOGRAFIA,"Z 9","Zorrilla, José"
BIOGRAFIA,"Z 10","Zuazua, Juan"
BIOGRAFIA,"Z 11","Zubirán Anchondo, Salvador"
BIOGRAFIA,"Z 12","Zuloaga, Félix"
BIOGRAFIA,"Z 13","Zumárraga, Fray Juan de"
BIOGRAFIA,"Z 14","Zweig, Stefan"
BIOGRAFIA,"Z 15","Zwinglio, Ulrich (Zuinglio)"
RELIEVE,"A 1","Abeja"
RELIEVE,"A 2","Abejorro"
RELIEVE,"A 3","Abeto"
RELIEVE,"A 4","Acelga"
RELIEVE,"A 5","Acocil"
RELIEVE,"A 6","Aguacate"
RELIEVE,"A 7","Águila"
RELIEVE,"A 8","Águila Pescadora"
RELIEVE,"A 9","Ahuehuete"
RELIEVE,"A 10","Ajo"
RELIEVE,"A 11","Ajolote"
RELIEVE,"A 12","Ajonjolí"
RELIEVE,"A 13","Alacrán"
RELIEVE,"A 14","Álamo"
RELIEVE,"A 15","Albatros"
RELIEVE,"A 16","Alcachofa"
RELIEVE,"A 17","Alcanforero"
RELIEVE,"A 18","Alcaparra"
RELIEVE,"A 19","Alcatraz"
RELIEVE,"A 20","Alce"
RELIEVE,"A 21","Alcornoque"
RELIEVE,"A 22","Alfalfa"
RELIEVE,"A 23","Alga"
RELIEVE,"A 24","Algodón"
RELIEVE,"A 25","Alhelí"
RELIEVE,"A 26","Almeja"
RELIEVE,"A 27","Almendro"
RELIEVE,"A 28","Alondra"
RELIEVE,"A 29","Alpaca"
RELIEVE,"A 30","Alpiste"
RELIEVE,"A 31","Amapola"
RELIEVE,"A 32","Amaranto"
RELIEVE,"A 33","Amiba"
RELIEVE,"A 34","Anaconda"
RELIEVE,"A 35","Anguila"
RELIEVE,"A 36","Anís"
RELIEVE,"A 37","Antílope"
RELIEVE,"A 38","Apio"
RELIEVE,"A 39","Arador de la Sarna"
RELIEVE,"A 40","Araña"
RELIEVE,"A 41","Árbol del Pan"
RELIEVE,"A 42","Ardilla"
RELIEVE,"A 43","Aretillo"
RELIEVE,"A 44","Armadillo"
RELIEVE,"A 45","Armiño"
RELIEVE,"A 46","Árnica"
RELIEVE,"A 47","Arpía"
RELIEVE,"A 48","Arroz"
RELIEVE,"A 49","Atún"
RELIEVE,"A 50","Ave del Paraíso"
RELIEVE,"A 51","Avellana"
RELIEVE,"A 52","Avena"
RELIEVE,"A 53","Avestruz"
RELIEVE,"A 54","Avispa"
RELIEVE,"A 55","Azafrán"
RELIEVE,"A 56","Azalea"
RELIEVE,"A 57","Azucena"
RELIEVE,"B 1","Babosa"
RELIEVE,"B 2","Bacalao"
RELIEVE,"B 3","Basilisco"
RELIEVE,"B 4","Bagre"
RELIEVE,"B 5","Ballena"
RELIEVE,"B 6","Bambú"
RELIEVE,"B 7","Barracuda"
RELIEVE,"B 8","Begonia"
RELIEVE,"B 9","Belladona"
RELIEVE,"B 10","Berro"
RELIEVE,"B 11","Bisonte"
RELIEVE,"B 12","Biznaga"
RELIEVE,"B 13","Boa"
RELIEVE,"B 14","Borrego"
RELIEVE,"B 15","Brontosaurio"
RELIEVE,"B 16","Buey"
RELIEVE,"B 17","Búfalo"
RELIEVE,"B 18","Bugambilia"
RELIEVE,"B 19","Búho"
RELIEVE,"B 20","Buitre"
RELIEVE,"B 21","Burro"
RELIEVE,"C 1","Caballo"
RELIEVE,"C 2","Cabra"
RELIEVE,"C 3","Cacahuate"
RELIEVE,"C 4","Cacao"
RELIEVE,"C 5","Cacatúa"
RELIEVE,"C 6","Cacomite"
RELIEVE,"C 7","Cachalote"
RELIEVE,"C 8","Cacto o Cactus"
RELIEVE,"C 9","Café"
RELIEVE,"C 10","Caimán"
RELIEVE,"C 11","Calabaza"
RELIEVE,"C 12","Calamar"
RELIEVE,"C 13","Calandria"
RELIEVE,"C 14","Camaleón"
RELIEVE,"C 15","Camarón"
RELIEVE,"C 16","Camelia"
RELIEVE,"C 17","Camello"
RELIEVE,"C 18","Camote"
RELIEVE,"C 19","Canario"
RELIEVE,"C 20","Canela"
RELIEVE,"C 21","Cangrejo"
RELIEVE,"C 22","Canguro"
RELIEVE,"C 23","Caña de Azúcar"
RELIEVE,"C 24","Cáñamo"
RELIEVE,"C 25","Caoba"
RELIEVE,"C 26","Capulín"
RELIEVE,"C 27","Caracol"
RELIEVE,"C 28","Cardenal"
RELIEVE,"C 29","Carnero"
RELIEVE,"C 30","Carpa"
RELIEVE,"C 31","Cascabel (Víbora)"
RELIEVE,"C 32","Castaño"
RELIEVE,"C 33","Castor"
RELIEVE,"C 34","Catarina"
RELIEVE,"C 35","Caucho"
RELIEVE,"C 36","Cebada"
RELIEVE,"C 37","Cebolla"
RELIEVE,"C 38","Cebra"
RELIEVE,"C 39","Cebú"
RELIEVE,"C 40","Cecilia"
RELIEVE,"C 41","Cedro"
RELIEVE,"C 42","Célula Animal"
RELIEVE,"C 43","Célula Vegetal"
RELIEVE,"C 44","Centeno"
RELIEVE,"C 45","Cenzontle"
RELIEVE,"C 46","Cerdo"
RELIEVE,"C 47","Cereza"
RELIEVE,"C 48","Cicuta"
RELIEVE,"C 49","Ciempiés"
RELIEVE,"C 50","Ciervo"
RELIEVE,"C 51","Cigarra"
RELIEVE,"C 52","Cigüeña"
RELIEVE,"C 53","Cilantro"
RELIEVE,"C 54","Ciprés"
RELIEVE,"C 55","Ciruela"
RELIEVE,"C 56","Cisne"
RELIEVE,"C 57","Clamidosaurio"
RELIEVE,"C 58","Clavel"
RELIEVE,"C 59","Clavo"
RELIEVE,"C 60","Coatí"
RELIEVE,"C 61","Cobra"
RELIEVE,"C 62","Cochinilla"
RELIEVE,"C 63","Coco"
RELIEVE,"C 64","Cocodrilo"
RELIEVE,"C 65","Codorniz"
RELIEVE,"C 66","Col"
RELIEVE,"C 67","Colibrí"
RELIEVE,"C 68","Coliflor"
RELIEVE,"C 69","Comadreja"
RELIEVE,"C 70","Cóndor"
RELIEVE,"C 71","Conejo"
RELIEVE,"C 72","Coral"
RELIEVE,"C 73","Coralillo"
RELIEVE,"C 74","Correcaminos"
RELIEVE,"C 75","Coyote"
RELIEVE,"C 76","Crisantema"
RELIEVE,"C 77","Cucaracha"
RELIEVE,"C 78","Cuervo"
RELIEVE,"C 79","Culebra de Agua"
RELIEVE,"CH 1","Chabacano"
RELIEVE,"CH 2","Chacal"
RELIEVE,"CH 3","Chachalaca"
RELIEVE,"CH 4","Chapulín"
RELIEVE,"CH 5","Charal"
RELIEVE,"CH 6","Chayote"
RELIEVE,"CH 7","Chicharo"
RELIEVE,"CH 8","Chichicuilote"
RELIEVE,"CH 9","Chilacayote"
RELIEVE,"CH 10","Chiles"
RELIEVE,"CH 11","Chimpancé"
RELIEVE,"CH 12","Chiche"
RELIEVE,"CH 13","Chinchilla"
RELIEVE,"CH 14","Chirimoya"
RELIEVE,"D 1","Dalia"
RELIEVE,"D 2","Dátil"
RELIEVE,"D 3","Delfín"
RELIEVE,"D 4","Diente de León"
RELIEVE,"D 5","Diente de Dragón de Komodo"
RELIEVE,"D 6","Dromedario"
RELIEVE,"D 7","Durazno"
RELIEVE,"E 1","Elefante"
RELIEVE,"E 2","Elefante Marino"
RELIEVE,"E 3","Encino"
RELIEVE,"E 4","Epazote"
RELIEVE,"E 5","Erizo"
RELIEVE,"E 6","Erizo de Mar"
RELIEVE,"E 7","Escarabajo"
RELIEVE,"E 8","Escorpión"
RELIEVE,"E 9","Espinaca"
RELIEVE,"E 10","Esponja"
RELIEVE,"E 11","Estegosaurio"
RELIEVE,"E 12","Estrella de Mar"
RELIEVE,"E 13","Estreptococo"
RELIEVE,"E 14","Esturión"
RELIEVE,"E 15","Eucalipto"
RELIEVE,"E 16","Euglena"
RELIEVE,"F 1","Faisán"
RELIEVE,"F 2","Faisán Dorado"
RELIEVE,"F 3","Flamenco"
RELIEVE,"F 4","Flor de Calabaza"
RELIEVE,"F 5","Foca"
RELIEVE,"F 6","Frambuesa"
RELIEVE,"F 7","Fresas"
RELIEVE,"F 8","Fresno"
RELIEVE,"F 9","Frijol"
RELIEVE,"G 1","Gacela"
RELIEVE,"G 2","Gallina"
RELIEVE,"G 3","Gallo"
RELIEVE,"G 4","Gamuza"
RELIEVE,"G 5","Ganso"
RELIEVE,"G 6","Ganso Canadiense"
RELIEVE,"G 7","Garbanzo"
RELIEVE,"G 8","Gardenia"
RELIEVE,"G 9","Garrapata"
RELIEVE,"G 10","Garza"
RELIEVE,"G 11","Gato"
RELIEVE,"G 12","Gato Montes"
RELIEVE,"G 13","Gavilán"
RELIEVE,"G 14","Gaviota"
RELIEVE,"G 15","Geranio"
RELIEVE,"G 16","Gibón"
RELIEVE,"G 17","Girasol"
RELIEVE,"G 18","Gladiolos"
RELIEVE,"G 19","Glotón"
RELIEVE,"G 20","Golondrina"
RELIEVE,"G 21","Gorgojo"
RELIEVE,"G 22","Gorila"
RELIEVE,"G 23","Gorrión"
RELIEVE,"G 24","Granada"
RELIEVE,"G 25","Grillo"
RELIEVE,"G 26","Grosella"
RELIEVE,"G 27","Grulla Blanca"
RELIEVE,"G 28","Grulla Coronada"
RELIEVE,"G 29","Guacamaya"
RELIEVE,"G 30","Guajolote"
RELIEVE,"G 31","Guayaba"
RELIEVE,"G 32","Guepardo (Onza Cazadora)"
RELIEVE,"G 33","Gusano de seda"
RELIEVE,"H 1","Habas"
RELIEVE,"H 2","Halcón"
RELIEVE,"H 3","Harpía"
RELIEVE,"H 4","Helecho"
RELIEVE,"H 5","Henequén"
RELIEVE,"H 6","Hidra"
RELIEVE,"H 7","Hiedra"
RELIEVE,"H 8","Hiena"
RELIEVE,"H 9","Hierbabuena"
RELIEVE,"H 10","Higos"
RELIEVE,"H 11","Hipocampo (Caballito de mar)"
RELIEVE,"H 12","Hipopótamo"
RELIEVE,"H 13","Holoturia"
RELIEVE,"H 14","Hongos"
RELIEVE,"H 15","Hormiga"
RELIEVE,"H 16","Hormiga León"
RELIEVE,"H 17","Huachinango"
RELIEVE,"H 18","Huitlacoche"
RELIEVE,"H 19","Huizache"
RELIEVE,"H 20","Hurón"
RELIEVE,"I 1","Iguana"
RELIEVE,"I 2","Impala"
RELIEVE,"J 1","Jabalí"
RELIEVE,"J 2","Jacaranda"
RELIEVE,"J 3","Jaguar"
RELIEVE,"J 4","Jaiba"
RELIEVE,"J 5","Jamaica"
RELIEVE,"J 6","Jazmín"
RELIEVE,"J 7","Jícama"
RELIEVE,"J 8","Jilguero"
RELIEVE,"J 9","Jirafa"
RELIEVE,"K 1","Kiwi"
RELIEVE,"K 2","Kiwi (Fruta)"
RELIEVE,"K 3","Koala"
RELIEVE,"L 1","Lagartija"
RELIEVE,"L 2","Lagarto"
RELIEVE,"L 3","Lamprea"
RELIEVE,"L 4","Langosta"
RELIEVE,"L 5","Langostino"
RELIEVE,"L 6","Laurel"
RELIEVE,"L 7","Lechuga"
RELIEVE,"L 8","Lechuga de Mar"
RELIEVE,"L 9","Lechuza"
RELIEVE,"L 10","Lenteja"
RELIEVE,"L 11","León"
RELIEVE,"L 12","León Marina"
RELIEVE,"L 13","Leopardo"
RELIEVE,"L 14","Libélula"
RELIEVE,"L 15","Liebre"
RELIEVE,"L 16","Lima"
RELIEVE,"L 17","Limón"
RELIEVE,"L 18","Lince"
RELIEVE,"L 19","Lino"
RELIEVE,"L 20","Lirio"
RELIEVE,"L 21","Lirio Acuático"
RELIEVE,"L 22","Lirio de Mar"
RELIEVE,"L 23","Lirón"
RELIEVE,"L 24","Lobo"
RELIEVE,"L 25","Lombriz"
RELIEVE,"L 26","Lombriz Intestinal"
RELIEVE,"L 27","Loro"
RELIEVE,"L 28","Luciérnaga"
RELIEVE,"L 29","Lúpulo"
RELIEVE,"LL 1","Llama"
RELIEVE,"M 1","Madre Perla"
RELIEVE,"M 2","Madreselva"
RELIEVE,"M 3","Magnolia"
RELIEVE,"M 4","Maguey"
RELIEVE,"M 5","Maíz"
RELIEVE,"M 6","Malva"
RELIEVE,"M 7","Mamey"
RELIEVE,"M 8","Mamut"
RELIEVE,"M 9","Manatí"
RELIEVE,"M 10","Mandarina"
RELIEVE,"M 11","Mandril"
RELIEVE,"M 12","Mango"
RELIEVE,"M 13","Mangosta"
RELIEVE,"M 14","Mantarraya"
RELIEVE,"M 15","Manto"
RELIEVE,"M 16","Manzana"
RELIEVE,"M 17","Manzanilla"
RELIEVE,"M 18","Mapache"
RELIEVE,"M 19","Margaritas"
RELIEVE,"M 20","Marihuana"
RELIEVE,"M 21","Mariposa"
RELIEVE,"M 22","Mariposa Monarca"
RELIEVE,"M 23","Marmota"
RELIEVE,"M 24","Martha"
RELIEVE,"M 25","Martín Pescador"
RELIEVE,"M 26","Medusa"
RELIEVE,"M 27","Mejorana"
RELIEVE,"M 28","Melón"
RELIEVE,"M 29","Membrillo"
RELIEVE,"M 30","Menta"
RELIEVE,"M 31","Mezquite"
RELIEVE,"M 32","Mirlo"
RELIEVE,"M 33","Mojarra"
RELIEVE,"M 34","Mono Araña"
RELIEVE,"M 35","Mono Macaco"
RELIEVE,"M 36","Mono Tití"
RELIEVE,"M 37","Morera"
RELIEVE,"M 38","Morsa"
RELIEVE,"M 39","Mosca"
RELIEVE,"M 40","Mosca Tse-Tse"
RELIEVE,"M 41","Mosquito"
RELIEVE,"M 42","Mostaza"
RELIEVE,"M 43","Mula"
RELIEVE,"M 44","Murciélago"
RELIEVE,"M 45","Musaraña"
RELIEVE,"M 46","Musgo"
RELIEVE,"M 47","Musgo Irlandés"
RELIEVE,"N 1","Nabo"
RELIEVE,"N 2","Naranja"
RELIEVE,"N 3","Narciso"
RELIEVE,"N 4","Nardo"
RELIEVE,"N 5","Nispero"
RELIEVE,"N 6","Nochebuena Flor de"
RELIEVE,"N 7","Nogal"
RELIEVE,"N 8","Nopal"
RELIEVE,"N 9","Nopalillo"
RELIEVE,"N 10","Nuez"
RELIEVE,"N 11","Nutria"
RELIEVE,"Ñ 1","Ñandú"
RELIEVE,"Ñ 2","Ñu"
RELIEVE,"O 1","Ocelote"
RELIEVE,"O 2","Ofiurido Ophiuroidea (Familia de estrella de mar)"
RELIEVE,"O 3","Olivo"
RELIEVE,"O 4","Orangután"
RELIEVE,"O 5","Orca"
RELIEVE,"O 6","Orégano"
RELIEVE,"O 7","Ornitorrinco"
RELIEVE,"O 8","Orquídea"
RELIEVE,"O 9","Ortiga"
RELIEVE,"O 10","Oruga"
RELIEVE,"O 11","Oso Blanco"
RELIEVE,"O 12","Oso Hormiguero"
RELIEVE,"O 13","Oso Pardo"
RELIEVE,"O 14","Ostión"
RELIEVE,"O 15","Ostra"
RELIEVE,"O 16","Oyamel"
RELIEVE,"P 1","Pájaro Carpintero"
RELIEVE,"P 2","Pájaro Lira"
RELIEVE,"P 3","Paloma"
RELIEVE,"P 4","Palomas (Familia)"
RELIEVE,"P 5","Panda"
RELIEVE,"P 6","Pangolín"
RELIEVE,"P 7","Pantera Negra"
RELIEVE,"P 8","Papa (Patata)"
RELIEVE,"P 9","Papagayo"
RELIEVE,"P 10","Pápalo de Río"
RELIEVE,"P 11","Pápalo Quelite"
RELIEVE,"P 12","Papa Moscas"
RELIEVE,"P 13","Papaya"
RELIEVE,"P 14","Pargo"
RELIEVE,"P 15","Pasionaria"
RELIEVE,"P 16","Pato"
RELIEVE,"P 17","Pato Mandarín"
RELIEVE,"P 18","Pavo real"
RELIEVE,"P 19","Pececillo de Plata"
RELIEVE,"P 20","Pelícano"
RELIEVE,"P 21","Penicilina"
RELIEVE,"P 22","Pensamiento"
RELIEVE,"P 23","Pepino"
RELIEVE,"P 24","Pepino de Mar"
RELIEVE,"P 25","Pera"
RELIEVE,"P 26","Perdiz"
RELIEVE,"P 27","Perejil"
RELIEVE,"P 28","Perezoso"
RELIEVE,"P 29","Periquitos Australianos"
RELIEVE,"P 30","Perro Policía"
RELIEVE,"P 31","Perro San Bernardo"
RELIEVE,"P 32","Perro de la Pradera"
RELIEVE,"P 33","Petirrojo"
RELIEVE,"P 34","Pez Espada"
RELIEVE,"P 35","Pez Plata"
RELIEVE,"P 36","Pez Puerco Espín"
RELIEVE,"P 37","Pez Sierra"
RELIEVE,"P 38","Pez Vela"
RELIEVE,"P 39","Pez Volador"
RELIEVE,"P 40","Pie de Gallo (Flor)"
RELIEVE,"P 41","Pimienta"
RELIEVE,"P 42","Pingüino"
RELIEVE,"P 43","Pino"
RELIEVE,"P 44","Pinzón"
RELIEVE,"P 45","Piña"
RELIEVE,"P 46","Piñón"
RELIEVE,"P 47","Piojo"
RELIEVE,"P 48","Piraña"
RELIEVE,"P 49","Pirul"
RELIEVE,"P 50","Pitahaya"
RELIEVE,"P 51","Pitón"
RELIEVE,"P 52","Plátano"
RELIEVE,"P 53","Polilla"
RELIEVE,"P 54","Pollito"
RELIEVE,"P 55","Pony"
RELIEVE,"P 56","Pozo Petrolero"
RELIEVE,"P 57","Puerco Espín"
RELIEVE,"P 58","Pulga"
RELIEVE,"P 59","Pulpo"
RELIEVE,"P 60","Puma Americano"
RELIEVE,"Q 1","Quebrantahuesos"
RELIEVE,"Q 2","Quelite"
RELIEVE,"Q 3","Quetzal"
RELIEVE,"Q 4","Quetzal (Hembra)"
RELIEVE,"R 1","Rábano"
RELIEVE,"R 2","Rana"
RELIEVE,"R 3","Rata"
RELIEVE,"R 4","Ratón"
RELIEVE,"R 5","Remolacha"
RELIEVE,"R 6","Renacuajo"
RELIEVE,"R 7","Reno"
RELIEVE,"R 8","Rinoceronte"
RELIEVE,"R 9","Robalo"
RELIEVE,"R 10","Roble"
RELIEVE,"R 11","Romero"
RELIEVE,"R 12","Rosal"
RELIEVE,"R 13","Rosa"
RELIEVE,"R 14","Rotífero Depredador"
RELIEVE,"R 15","Rotífero Sésil"
RELIEVE,"R 16","Ruda"
RELIEVE,"R 17","Ruiseñor"
RELIEVE,"S 1","Sábila"
RELIEVE,"S 2","Salamandra"
RELIEVE,"S 3","Salmón"
RELIEVE,"S 4","Sandía"
RELIEVE,"S 5","Sanguijuela"
RELIEVE,"S 6","Sapo"
RELIEVE,"S 7","Sardina"
RELIEVE,"S 8","Sargazo"
RELIEVE,"S 9","Sauce"
RELIEVE,"S 10","Secretario o Serpentario"
RELIEVE,"S 11","Selva"
RELIEVE,"S 12","Solitaria (Tenía)"
RELIEVE,"S 13","Sorgo"
RELIEVE,"T 1","Tabachín/Delonix regia"
RELIEVE,"T 2","Tabaco"
RELIEVE,"T 3","Tamarindo"
RELIEVE,"T 4","Tapir"
RELIEVE,"T 5","Tarántula"
RELIEVE,"T 6","Tarsio"
RELIEVE,"T 7","Té"
RELIEVE,"T 8","Tejocote"
RELIEVE,"T 9","Tejón"
RELIEVE,"T 10","Tiburón"
RELIEVE,"T 11","Tigre"
RELIEVE,"T 12","Tigre Dientes de Sable"
RELIEVE,"T 13","Tilo"
RELIEVE,"T 14","Tiranosaurio"
RELIEVE,"T 15","Tlacuache"
RELIEVE,"T 16","Toloache"
RELIEVE,"T 17","Tomate Rojo (Jitomate)"
RELIEVE,"T 18","Tomate Verde"
RELIEVE,"T 19","Tomillo"
RELIEVE,"T 20","Topo"
RELIEVE,"T 21","Toro"
RELIEVE,"T 22","Toronja"
RELIEVE,"T 23","Tórtola"
RELIEVE,"T 24","Tortuga"
RELIEVE,"T 25","Tortuga Verde (De Mar)"
RELIEVE,"T 26","Trébol"
RELIEVE,"T 27","Triceratops"
RELIEVE,"T 28","Trigo"
RELIEVE,"T 29","Triquina"
RELIEVE,"T 30","Tritón"
RELIEVE,"T 31","Trucha"
RELIEVE,"T 32","Tuátara"
RELIEVE,"T 33","Tucán"
RELIEVE,"T 34","Tulipán"
RELIEVE,"T 35","Tuna"
MAPA,"1","República Mexicana contorno"
MAPA,"2","República Mexicana división política C/N"
MAPA,"3","República Mexicana división política S/N"
MAPA,"4","República Mexicana orografía C/N"
MAPA,"5","República Mexicana orografía S/N"
MAPA,"5-B","República Mexicana placas tectónicas"
MAPA,"6","República Mexicana hidrografía C/N"
MAPA,"7","República Mexicana hidrografía S/N"
MAPA,"8","Planisferio contorno"
MAPA,"9","Planisferio división política C/N"
MAPA,"10","Planisferio división política S/N"
MAPA,"11","Planisferio orografía C/N"
MAPA,"12","Planisferio orografía S/N"
MAPA,"13","Planisferio hidrografía C/N"
MAPA,"14","Planisferio hidrografía S/N"
MAPA,"15","Planisferio husos horarios C/N"
MAPA,"16","Planisferio husos horarios S/N"
MAPA,"17","Planisferio meridianos y paralelos C/N"
MAPA,"18","Planisferio meridianos y paralelos S/N"
MAPA,"19","Mapamundi división política C/N"
MAPA,"20","Mapamundi división política S/N"
MAPA,"21","Euroasiático africano división política C/N"
MAPA,"22","Euroasiático africano división política S/N"
MAPA,"23","Oceanía contorno"
MAPA,"24","Oceanía división política C/N"
MAPA,"25","Oceanía división política S/N"
MAPA,"26","África contorno"
MAPA,"27","África división política C/N"
MAPA,"28","África división política S/N"
MAPA,"29","África orografía C/N"
MAPA,"30","África orografía S/N"
MAPA,"31","África hidrografía C/N"
MAPA,"32","África hidrografía S/N"
MAPA,"33","Asia contorno"
MAPA,"34","Asia división política C/N"
MAPA,"35","Asia división política S/N"
MAPA,"36","Asia orografía C/N"
MAPA,"37","Asia orografía S/N"
MAPA,"38","Asia hidrografía C/N"
MAPA,"39","Asia hidrografía S/N"
MAPA,"40","Europa contorno"
MAPA,"41","Europa división política C/N"
MAPA,"42","Europa división política S/N"
MAPA,"43","Europa orografía C/N"
MAPA,"44","Europa orografía S/N"
MAPA,"45","Europa hidrografía C/N"
MAPA,"46","Europa hidrografía S/N"
MAPA,"47","América contorno"
MAPA,"48","América división política C/N"
MAPA,"49","América división política S/N"
MAPA,"50","América hidrografía C/N"
MAPA,"51","América hidrografía S/N"
MAPA,"52","América orografía C/N"
MAPA,"53","América orografía S/N"
MAPA,"54","América del Norte contorno"
MAPA,"55","América del Norte división política C/N"
MAPA,"56","América del Norte división política S/N"
MAPA,"57","América Central contorno"
MAPA,"58","América Central división política C/N"
MAPA,"59","América Central división política S/N"
MAPA,"60","América del Sur contorno"
MAPA,"61","América del Sur división política C/N"
MAPA,"62","América del Sur división política S/N"
MAPA,"199","E. U. división política C/N (Estados Unidos/USA)"
MAPA,"200","E. U. división política S/N (Estados Unidos/USA)"
MAPA,"79","D. F. C/N (Ciudad de México)"
MAPA,"80","D. F. S/N (Ciudad de México)"
MAPA,"91","Estado de México C/N"
MAPA,"92","Estado de México S/N"
MAPA,"357","Estado de México hidrografía C/N"
MAPA,"358","Estado de México hidrografía S/N"
MAPA,"359","Estado de México orografía C/N"
MAPA,"360","Estado de México orografía S/N"
MAPA,"361","Tultitlán S/N"
MAPA,"362","Tultitlán C/N"
MAPA,"100","República Mexicana meridianos y paralelos C/N"
MAPA,"101","República Mexicana clima S/N"
MAPA,"102","República Mexicana clima C/N"
MAPA,"103","República Mexicana husos horarios S/N"
MAPA,"104","República Mexicana husos horarios C/N"
MAPA,"105","República Mexicana vías férreas S/N"
MAPA,"106","República Mexicana vías férreas C/N"
MAPA,"107","República Mexicana rutas marítimas C/N"
MAPA,"108","República Mexicana rutas marítimas S/N"
ESQUEMA,"201","Microscopio C/N"
ESQUEMA,"202","Microscopio S/N"
ESQUEMA,"203","Sentido del olfato C/N"
ESQUEMA,"204","Sentido del olfato S/N"
ESQUEMA,"205","Sentido del oído C/N"
ESQUEMA,"206","Sentido del oído S/N"
ESQUEMA,"207","Sentido del gusto C/N"
ESQUEMA,"208","Sentido del gusto S/N"
ESQUEMA,"209","Sentido de la vista C/N"
ESQUEMA,"210","Sentido de la vista S/N"
ESQUEMA,"211","Sentido del tacto C/N"
ESQUEMA,"212","Sentido del tacto S/N"
ESQUEMA,"213","Sistema cerebral C/N"
ESQUEMA,"214","Sistema cerebral S/N"
ESQUEMA,"215","Corazón C/N"
ESQUEMA,"216","Corazón S/N"
ESQUEMA,"217","Aparato digestivo C/N"
ESQUEMA,"218","Aparato digestivo S/N"
ESQUEMA,"219","Sistema óseo C/N"
ESQUEMA,"220","Sistema óseo S/N"
ESQUEMA,"221","Aparato respiratorio C/N"
ESQUEMA,"222","Aparato respiratorio S/N"
ESQUEMA,"223","Aparato circulatorio C/N"
ESQUEMA,"224","Aparato circulatorio S/N"
ESQUEMA,"225","Cráneo C/N"
ESQUEMA,"226","Cráneo S/N"
ESQUEMA,"227","Músculos frontales C/N"
ESQUEMA,"228","Músculos frontales S/N"
ESQUEMA,"229","Músculos posteriores C/N"
ESQUEMA,"230","Músculos posteriores S/N"
ESQUEMA,"231","Sistema nervioso C/N"
ESQUEMA,"232","Sistema nervioso S/N"
ESQUEMA,"233","Cuerpo humano C/N"
ESQUEMA,"234","Cuerpo humano S/N"
ESQUEMA,"235","Sistema urinario C/N"
ESQUEMA,"236","Sistema urinario S/N"
ESQUEMA,"237","Los dientes C/N"
ESQUEMA,"238","Los dientes S/N"
ESQUEMA,"239","Aparato excretor C/N"
ESQUEMA,"240","Aparato excretor S/N"
ESQUEMA,"241","Aparato reproductor masculino C/N"
ESQUEMA,"242","Aparato reproductor masculino S/N"
ESQUEMA,"243","Aparato reproductor femenino C/N"
ESQUEMA,"244","Aparato reproductor femenino S/N"
ESQUEMA,"245","Célula C/N"
ESQUEMA,"246","Célula S/N"
ESQUEMA,"247","Germinación C/N"
ESQUEMA,"248","Germinación S/N"
ESQUEMA,"249","La flor C/N"
ESQUEMA,"250","La flor S/N"
ESQUEMA,"251","Máquina de escribir C/N"
ESQUEMA,"252","Máquina de escribir S/N"
ESQUEMA,"253","Sistema solar C/N"
ESQUEMA,"254","Sistema solar S/N"
ESQUEMA,"255","Sistema endocrino C/N"
ESQUEMA,"256","Sistema endocrino S/N"
ESQUEMA,"257","Teclado de la computadora C/N"
ESQUEMA,"258","Teclado de la computadora S/N"
ESQUEMA,"259","La computadora C/N"
CROMO,"1 ","Adolfo López Mateos"
CROMO,"2 ","Agustín de Iturbide"
CROMO,"3 ","Agustín Melgar"
CROMO,"4 ","Alvaro Obregón"
CROMO,"5 ","Benito Juárez"
CROMO,"6 ","Cristóbal Colón"
CROMO,"7 ","Cuauhtémoc"
CROMO,"8 ","Emiliano Zapata"
CROMO,"9 ","Fernando Montes de Oca"
CROMO,"10","Francisco González Bocanegra"
CROMO,"11","Francisco I madero (Francisco Ignacio Madero)"
CROMO,"12","Francisco Marquez"
CROMO,"13","Francisco Villa (Doroteo Arango)"
CROMO,"14","Guadalupe Victoria"
CROMO,"15","Hermenegildo Galeana"
CROMO,"16","Hernán Cortes"
CROMO,"17","Ignacio Aldama"
CROMO,"18","Ignacio Allende"
CROMO,"19","Ignacio Zaragoza"
CROMO,"20","Jaime Nunó"
CROMO,"21","José Maria Morelos"
CROMO,"22","José Maria Pino Suárez"
CROMO,"23","Josefa Ortiz de Domínguez"
CROMO,"24","Juan Aldama"
CROMO,"25","Juan de la Barrera"
CROMO,"26","Juan Escutia"
CROMO,"27","Lázaro Cárdenas"
CROMO,"28","Mariano Matamoros"
CROMO,"29","Miguel Hidalgo"
CROMO,"30","Nezahualcoyotl"
CROMO,"31","Nicolás Bravo"
CROMO,"32","Octavio Paz"
CROMO,"33","Pablo Galeana"
CROMO,"34","Porfirio Díaz"
CROMO,"35","Simón Bolívar"
CROMO,"36","Sor Juana Inés de la Cruz"
CROMO,"37","Venustiano Carranza"
CROMO,"38","Vicente Guerrero"
CROMO,"39","Vicente Suárez"
